{"type":"FeatureCollection","features":[{"type":"Feature","id":1,"geometry":{"type":"Polygon","coordinates":[[[-95.60415099062844,29.664001536502077],[-95.60432602017504,29.664096464112898],[-95.60450391534738,29.664186279596098],[-95.60467893860576,29.664272562083447],[-95.60485439664873,29.664364380381926],[-95.6050312282158,29.66445207478748],[-95.6052081810554,29.66454400298391],[-95.60538307226143,29.664643593264717],[-95.60556039610528,29.664731949357652],[-95.60573798585041,29.664821755687136],[-95.6059170703922,29.66491143079938],[-95.60617594239919,29.665053598039563],[-95.60657519054237,29.66509817596087],[-95.60960264869547,29.666846938899965],[-95.60991146074407,29.667023850864005],[-95.61007447891699,29.667112396103512],[-95.61030160356353,29.667233944101092],[-95.61048008623406,29.66733508268859],[-95.61064880781075,29.667431636177785],[-95.61082491892893,29.66753098943246],[-95.611007705428,29.667625596026173],[-95.61111134675726,29.667689433805187],[-95.61180886432086,29.668081730254432],[-95.6118877705388,29.668123057393828],[-95.61206107711666,29.66822122196591],[-95.6122665478733,29.66834221443248],[-95.61242883481758,29.668435636168713],[-95.61273323254485,29.668612703789826],[-95.61474186911342,29.663939548710555],[-95.61654137518889,29.664066620051358],[-95.61737340738145,29.66185423894659],[-95.61911040418786,29.66196195793941],[-95.61917285147315,29.65987803102831],[-95.61913343609343,29.658175193957014],[-95.6191066510266,29.657017986584346],[-95.61908891558795,29.65625175484188],[-95.61901072083573,29.651633005019534],[-95.61899972366004,29.651001276452263],[-95.6189640344921,29.648950941749643],[-95.61894854484166,29.648006286512064],[-95.61894324298486,29.64768868675238],[-95.61893759617496,29.64734691900255],[-95.6189020803819,29.645197672577094],[-95.61884814104067,29.642058089975126],[-95.61876737620841,29.637364690201927],[-95.61874738330346,29.63616685434296],[-95.61872905497673,29.635068776822685],[-95.61866511738636,29.631477857212566],[-95.61865821024014,29.63104381727004],[-95.61864598866069,29.63010354480542],[-95.6186075740042,29.626893458331992],[-95.61858654624005,29.625099753089383],[-95.61862163353672,29.62477742308247],[-95.6187138195495,29.62446593784068],[-95.61880199817779,29.6241803148239],[-95.61884867463995,29.62400696183831],[-95.61887266145466,29.623805519723483],[-95.61886714310387,29.62361554781194],[-95.6187725603859,29.623193720084036],[-95.63001657516789,29.620978934281627],[-95.63379827949477,29.620188808437696],[-95.63552116107313,29.619815876620763],[-95.63685001731336,29.619432875674075],[-95.63884882361775,29.618689943726956],[-95.64050943308231,29.617879006574803],[-95.64451895196189,29.615957071033257],[-95.64779916998478,29.614195208883018],[-95.64918261864146,29.6135367118223],[-95.64918073128105,29.613533214612904],[-95.64884863310365,29.61304319408761],[-95.6485210857915,29.612635682037524],[-95.6482486132911,29.61231828469718],[-95.64783511068099,29.611979338125472],[-95.64729893862724,29.611554204179324],[-95.64665921417745,29.611129798670092],[-95.64557892716621,29.610480728554425],[-95.64324041575061,29.609033666069607],[-95.6419638225953,29.608215336226873],[-95.6411825003005,29.607714475058014],[-95.64036816671566,29.607192444067042],[-95.64001306807374,29.606964802393993],[-95.63699645977266,29.60487859929556],[-95.63468827997262,29.603262602544774],[-95.63390278500334,29.602728054679766],[-95.63360860022252,29.602558513866295],[-95.63303811252493,29.602264881452932],[-95.6316250032942,29.601710761783554],[-95.63009074187435,29.601149429778232],[-95.62701303286259,29.60004626621859],[-95.62623107276397,29.599764602828124],[-95.62372156074584,29.598857212189216],[-95.62250592457075,29.598421600795284],[-95.62250785684691,29.59841967774475],[-95.62250681120793,29.598419303601307],[-95.62102203079057,29.597888851914316],[-95.6197065549565,29.597419414689345],[-95.61729340252393,29.596545895205757],[-95.61634947348462,29.596204414029526],[-95.61357573100881,29.595200915488434],[-95.61070779748049,29.59416712975413],[-95.60836343443914,29.59332564134344],[-95.60487543070111,29.59206482740043],[-95.60487512976549,29.592064718821717],[-95.6048744650122,29.592064479792217],[-95.59950438385444,29.59012512686051],[-95.59689461625732,29.58918110118354],[-95.59680032818677,29.589147996213875],[-95.59549340521252,29.58868911564255],[-95.59476627738053,29.588412293481646],[-95.59424453137193,29.58818931910746],[-95.59369418480132,29.587930864103324],[-95.59328427096075,29.58771161721718],[-95.5928371875287,29.587449391025732],[-95.59278065205629,29.58741623314897],[-95.59222470898146,29.587051274711897],[-95.58927771292836,29.585017723310088],[-95.5838548692224,29.581287468022683],[-95.58292424063919,29.580640249560737],[-95.58288401497909,29.580612272912564],[-95.58162556509757,29.579745250000837],[-95.58107019065632,29.579366413996254],[-95.58031002817805,29.57882447784554],[-95.57982683696314,29.57846955861706],[-95.57954969142662,29.57827797863652],[-95.57900806839575,29.577914839501783],[-95.5776952569648,29.577034627656076],[-95.57744189881701,29.576833769834966],[-95.57706698962814,29.5765365476521],[-95.57672639698141,29.57627455180553],[-95.57540686255888,29.575412997253625],[-95.57361386028609,29.57422757183119],[-95.57286258933252,29.573710688879014],[-95.57028404268308,29.57508905212148],[-95.57073050268436,29.57527639428441],[-95.57104392309034,29.575530683149076],[-95.57131890548365,29.575731215430043],[-95.57152234155616,29.575965096466355],[-95.57160426431682,29.57622224302508],[-95.57169064182295,29.5766466047833],[-95.57168684105098,29.577059860735833],[-95.57168068130308,29.577543414639024],[-95.57168139007385,29.578122127203073],[-95.57171075600047,29.579046329170843],[-95.57189949293998,29.580018588189112],[-95.57198914750028,29.580645311934056],[-95.57214648921894,29.581053902433506],[-95.57234345472645,29.58148109769175],[-95.5726788066018,29.58198219693233],[-95.57305307619019,29.582557872462345],[-95.57304400320582,29.58255739357722],[-95.57182521035082,29.58249313935247],[-95.57089583940902,29.582439153397583],[-95.56907353858323,29.58244627340495],[-95.56825315304833,29.582467520928752],[-95.56611475753192,29.582522877121146],[-95.56406740896452,29.58258111049969],[-95.564111083257,29.585927025789086],[-95.56411839015352,29.586933146819113],[-95.56414574565055,29.59069961467674],[-95.56415249559159,29.591629080438832],[-95.56418566768009,29.593757233964133],[-95.56426941491908,29.597951862984257],[-95.56431452831265,29.59973552703133],[-95.56433052281629,29.600783547019688],[-95.56435146883376,29.602155889513654],[-95.56435198536505,29.60296662354131],[-95.5643862713645,29.604768358949222],[-95.56440161369123,29.60534905151862],[-95.56443275558719,29.606527780332815],[-95.56445068955354,29.607692201903365],[-95.56447891641638,29.61005673011449],[-95.56451183428165,29.61117478081222],[-95.56456488429075,29.612328065754948],[-95.56457895370475,29.6129013110893],[-95.56457268076912,29.613253769384883],[-95.56467846637696,29.61327840298746],[-95.56575014123956,29.61258875277552],[-95.56765643813767,29.6115698528966],[-95.56774269077802,29.611601195621272],[-95.56783606795685,29.611635126538616],[-95.5679411474889,29.611580311927078],[-95.56809039538683,29.611502457258435],[-95.56823841798273,29.61142523903824],[-95.56838644866343,29.61134801841587],[-95.56852791535437,29.611274220827912],[-95.56869598295751,29.6111865457056],[-95.5689918646559,29.611032691344384],[-95.5691546043511,29.610945765768015],[-95.5693074356287,29.61086641343916],[-95.56945598104407,29.61078568805511],[-95.56960147128916,29.61070993131349],[-95.5697498891438,29.6106329858356],[-95.56990119148878,29.610556118398858],[-95.5700496515642,29.610477913051533],[-95.5701966689453,29.610399671717516],[-95.57034360098642,29.610323950611825],[-95.57049494465392,29.61024581927949],[-95.57064340383103,29.610167613691473],[-95.57079182078733,29.610090668580686],[-95.57120626483187,29.60987418384741],[-95.57147104865174,29.609736192042796],[-95.57178621089109,29.609579398884243],[-95.57194079298517,29.609496205268503],[-95.572104198332,29.609407511727824],[-95.57226196675039,29.609325529314148],[-95.57242734479757,29.609239589461254],[-95.57259084716243,29.609154625016096],[-95.57275266069456,29.60907053913603],[-95.57305316781834,29.60891437834265],[-95.57306852361981,29.608906228486916],[-95.57345784358247,29.60869960540763],[-95.57346777266132,29.60898198189786],[-95.57347683935748,29.60924138265792],[-95.57348017659876,29.609335742559896],[-95.57348203341645,29.609389022930415],[-95.57348227955484,29.609396076212164],[-95.57348566440685,29.609548759998994],[-95.5734884132516,29.609672762687666],[-95.57348909237797,29.609703440585484],[-95.57349241434788,29.60985332947368],[-95.57349334051094,29.609895101478173],[-95.57349584950553,29.61000812361934],[-95.57349923884908,29.610160465962444],[-95.57350267939663,29.61031514482946],[-95.5735047931325,29.61041008479044],[-95.57350608490987,29.610467257875804],[-95.57350958923779,29.61062228069233],[-95.57351302529376,29.610774276906696],[-95.57351471951638,29.61084927993834],[-95.57351653860484,29.61092684536189],[-95.57352109396163,29.611121216322534],[-95.57352146496585,29.611137068946494],[-95.57352642007295,29.6112878085477],[-95.5735273399478,29.611315793090494],[-95.57353282236598,29.61148243966354],[-95.57353732382387,29.61161928414585],[-95.57353784125348,29.611635008609042],[-95.57354060716625,29.611719439109713],[-95.57354283588646,29.611787442993464],[-95.5735479284358,29.61194221230182],[-95.57354920853508,29.61199350055718],[-95.57355082909586,29.61205839358415],[-95.57355179927636,29.6120972273834],[-95.57355492271861,29.612233574324108],[-95.57355529551945,29.612250395195453],[-95.57355848094545,29.61239427686856],[-95.5735586668967,29.61240262403139],[-95.57356201940935,29.61255407477807],[-95.5735654015664,29.612707534764297],[-95.57356558931428,29.612716039659624],[-95.57356868401044,29.61285586034795],[-95.57356905591297,29.612872592864587],[-95.57357260964824,29.613034172992407],[-95.57357609241659,29.61319243760798],[-95.57357957338833,29.613350591857277],[-95.57358451052912,29.61357500071218],[-95.57358535943706,29.613613587919986],[-95.57358826279207,29.61374555466894],[-95.57358871194971,29.61376587951818],[-95.57359017350868,29.61383235599932],[-95.57359207075056,29.613919000279445],[-95.57359533432998,29.61406823859822],[-95.57360241125778,29.614391761036316],[-95.57360711573493,29.614606812364766],[-95.57360983942688,29.614730263717245],[-95.57361068743651,29.614768709127937],[-95.57362035780052,29.615208527237925],[-95.57362605311944,29.615468388362412],[-95.57401658311278,29.61547958890111],[-95.57439483762779,29.6154756255256],[-95.57455353759914,29.615474658696215],[-95.57492850428021,29.615472372824172],[-95.57530412313817,29.6154700807044],[-95.57546561507341,29.615469095131942],[-95.57587038875391,29.615466625733983],[-95.57627189795669,29.615464171955193],[-95.57643545511878,29.61546317232538],[-95.5768371026621,29.615460717765533],[-95.57723805580768,29.615458266329465],[-95.57743641370388,29.615457052716298],[-95.57782669935547,29.61545466531898],[-95.577830307888,29.61558581980227],[-95.57785374852699,29.616437646602183],[-95.57802140200678,29.616435685628524],[-95.57845027389313,29.6164321518149],[-95.57888324838534,29.61642858442019],[-95.5793063171549,29.616425095901636],[-95.57965915294062,29.616422185288467],[-95.57997134984122,29.61641960970419],[-95.58017892535054,29.61642037972423],[-95.58020146318269,29.617262396245525],[-95.58234672003124,29.617253938590647],[-95.58257994962845,29.6172521877076],[-95.58275442850778,29.617250877278664],[-95.58281947641582,29.623940113333962],[-95.58286736829857,29.623941222985902],[-95.58302088319408,29.623938113461556],[-95.58310445705823,29.623941375260465],[-95.58344441100277,29.623937978366683],[-95.58366911918122,29.623935731731375],[-95.58388817785482,29.62393354210134],[-95.58410911849896,29.6239313337298],[-95.5843319177574,29.62392910427399],[-95.58455482122042,29.62392687716084],[-95.58477196738079,29.623924705491234],[-95.58498741482695,29.623923262396836],[-95.58521199274968,29.62392029577574],[-95.5854366766736,29.62391805460628],[-95.58565573355057,29.623915869661253],[-95.58586657982585,29.623914668644254],[-95.58614837504227,29.623910979694763],[-95.58616310831125,29.62391078837535],[-95.58658247692017,29.62390659106278],[-95.58658171784374,29.623516999263387],[-95.5865805922547,29.622938604121952],[-95.58658052757602,29.622904794926168],[-95.5865759138287,29.622694325691885],[-95.58657567397853,29.62268336491192],[-95.58657992480644,29.622337103294434],[-95.58658034701463,29.62230274101411],[-95.58656960406215,29.621745066655514],[-95.58667576336917,29.62187080826706],[-95.58694121104404,29.622185215882517],[-95.58713420420138,29.622408650017867],[-95.58718262698845,29.622463347071054],[-95.58717725057147,29.622712238864835],[-95.58726847269195,29.62271661583517],[-95.58754741755396,29.62271931542238],[-95.58755648155518,29.622852590756754],[-95.58757077554799,29.623062500534715],[-95.58757491857807,29.623062849597844],[-95.58775915495801,29.623062005442907],[-95.58786800471931,29.623229042568322],[-95.58792836881145,29.623229770367693],[-95.58797188769539,29.623256055479242],[-95.58800854884045,29.623396369911443],[-95.58841019548545,29.62386126085686],[-95.58845676953966,29.623915161389206],[-95.58847429746749,29.623935446704657],[-95.5892852677599,29.623929554069612],[-95.58953217330901,29.623927758010677],[-95.58954321809543,29.623954658285346],[-95.58954984227232,29.62397799611076],[-95.5895543607982,29.62399904434763],[-95.58955505160266,29.62400226553806],[-95.58982810800799,29.623932350455323],[-95.58992833034931,29.623910586123472],[-95.58998650973867,29.624136822183747],[-95.59007730785433,29.624489904164793],[-95.5901701163996,29.6247025990873],[-95.59034918746666,29.624709995669598],[-95.59048640871957,29.624715664143743],[-95.5904800396642,29.625100391854225],[-95.59047587417622,29.625323348652156],[-95.59044522545537,29.626963864870948],[-95.59042794276762,29.628242179624507],[-95.59042672195713,29.628332493275924],[-95.59043487237172,29.62839668628268],[-95.59062738403205,29.62882364900898],[-95.59074464382103,29.629083779558762],[-95.59077722930965,29.629545836319103],[-95.59079369453049,29.629759045299167],[-95.59084294376763,29.63034651063006],[-95.59089999936458,29.6310270737153],[-95.59091305098735,29.631113894517416],[-95.59106540615785,29.63158407671446],[-95.59108088592681,29.631666534510188],[-95.59109835726079,29.631942443041797],[-95.59111030665069,29.63221002950183],[-95.59111526175779,29.63232097850074],[-95.59118379962071,29.632319637034566],[-95.591821160603,29.632346288326303],[-95.5927469805045,29.63233096922211],[-95.59316845925603,29.63232514735287],[-95.5932180166153,29.63232446178404],[-95.59362225579821,29.63231887494433],[-95.59367467878324,29.632318251060997],[-95.59458150650299,29.6323074740423],[-95.59477105821448,29.632304838740147],[-95.59530315371344,29.63229309349033],[-95.59572873686751,29.632287202905825],[-95.59609877718754,29.63228208143896],[-95.59648270456356,29.632276769449234],[-95.59656405689401,29.632275572436043],[-95.59723932678129,29.63226563402485],[-95.5976341147891,29.632257913952586],[-95.59768445458099,29.632256941818362],[-95.59769106079158,29.632939684553843],[-95.59768947077353,29.633168027301902],[-95.59768040228073,29.635650986043643],[-95.59767211622056,29.63678091602316],[-95.59766936468085,29.63972931625901],[-95.59766217456531,29.641843073814897],[-95.59765896668142,29.64262770900927],[-95.59766912303404,29.6450106531402],[-95.59765156186855,29.647058535458793],[-95.59763585572412,29.647059871263657],[-95.59722978397804,29.647068341249824],[-95.59683972470188,29.647077952641705],[-95.59682694347202,29.647078268050848],[-95.5967417777932,29.647080365834032],[-95.596516443489,29.64708591516119],[-95.5962692136481,29.647092006304664],[-95.59613428669242,29.647095313416035],[-95.5960565096568,29.64709637675065],[-95.59603903922115,29.647097240222102],[-95.59586881655964,29.647098255933116],[-95.59574341803419,29.647099004639326],[-95.59567937623927,29.64710053718399],[-95.59548750507774,29.647105125449198],[-95.5953819377605,29.647107651844617],[-95.59529403132174,29.647109613001923],[-95.59525419732711,29.647111033123416],[-95.59508490172695,29.647115200582537],[-95.59505905000972,29.64711583686563],[-95.59487741065927,29.647120314268584],[-95.59466803582443,29.647125461525132],[-95.59464732606386,29.64712596899015],[-95.5944629234956,29.647130491674098],[-95.59445183109848,29.647130763363048],[-95.59431469428719,29.647134072815266],[-95.59421747231893,29.647136553928455],[-95.59407386943425,29.647140089007227],[-95.59394903954237,29.647143154095268],[-95.59368355144332,29.647149670725053],[-95.59367001922188,29.6471500033097],[-95.59364429686201,29.647150635688995],[-95.59362198810025,29.647151185312467],[-95.59344076017821,29.647155643976724],[-95.59342601523113,29.64715600700923],[-95.59322960308583,29.64716082870578],[-95.59292527722377,29.64716830092963],[-95.59288470840723,29.64716929399914],[-95.59253089794943,29.64717779208186],[-95.59249061389882,29.647178753922674],[-95.59229056716988,29.64718240298436],[-95.5921445891396,29.64718751900912],[-95.59194988020006,29.647192299326267],[-95.59189088963198,29.64719374755226],[-95.59176813664504,29.647196720514327],[-95.59172666591996,29.64719779399717],[-95.59158724559123,29.64720122601944],[-95.59101159707234,29.647209077667664],[-95.59053901765587,29.64722110691931],[-95.5897859545633,29.64724358603299],[-95.58966814320873,29.647365583522003],[-95.58942545794483,29.647674740130164],[-95.58921212153959,29.647946504518867],[-95.58907766709775,29.648117784120515],[-95.58907468828427,29.64795360428628],[-95.5890675430845,29.64767854531599],[-95.58903479859407,29.64664081021518],[-95.588539172899,29.646648188010644],[-95.5881280400446,29.646654307286504],[-95.58694800410423,29.646671860971463],[-95.58624264065493,29.646677754618164],[-95.58531690429676,29.646691879382374],[-95.58487838091104,29.646698567018802],[-95.58441482776654,29.646705636426205],[-95.5840344316679,29.646590951137334],[-95.5832378020807,29.64635077186147],[-95.58222320617126,29.646044869147538],[-95.58192576140426,29.645950164970273],[-95.57984733022971,29.645325683380722],[-95.57833842825035,29.64487146496515],[-95.57844774244064,29.64477419575493],[-95.57795803843992,29.644756465293284],[-95.57773555449012,29.64457522481921],[-95.57766976367535,29.644516689184783],[-95.5774968236101,29.644377220042305],[-95.57705832088564,29.644019179810076],[-95.57694467591736,29.643922735018833],[-95.57666034116363,29.64418505323617],[-95.57635658752841,29.644467138226315],[-95.5762535211209,29.64456606054967],[-95.57594696384368,29.64488869729906],[-95.57574852240415,29.645064939747563],[-95.57565963051353,29.64514202288539],[-95.57542583138444,29.645342355854112],[-95.57528056481983,29.64547551459541],[-95.57510781160418,29.64564183844363],[-95.57504881295125,29.64569864099198],[-95.57487546774583,29.645855015690564],[-95.57426520624072,29.646425527466814],[-95.57390797859158,29.646763878799295],[-95.57378453120691,29.646878752043996],[-95.57346329455963,29.647164765071164],[-95.57327973820438,29.647340079950727],[-95.57299876045485,29.64761195376188],[-95.57290632650707,29.647696811611397],[-95.57271413824023,29.647864014772228],[-95.57257673732425,29.648003997474596],[-95.57248993850824,29.648090101784117],[-95.57230872046767,29.648234033767682],[-95.57209388836748,29.648458512476896],[-95.57177982566604,29.64874186584522],[-95.57167307886083,29.648843393855064],[-95.57165106294985,29.648865075509857],[-95.57178847195065,29.648929224981767],[-95.57192370163857,29.648991537423633],[-95.57215299212326,29.649096910910252],[-95.57220906406499,29.649123503893463],[-95.57277864266753,29.64938599436523],[-95.57415686133263,29.65002469216716],[-95.57495900747399,29.650402055758303],[-95.57596273017523,29.650858701355176],[-95.5760340276627,29.650891126379364],[-95.57614536755396,29.650941764013055],[-95.57627262199878,29.650999653407474],[-95.57644974192505,29.65108023024904],[-95.57645159694611,29.651081089002187],[-95.5766300652436,29.65116226300185],[-95.57681882643764,29.651248139772935],[-95.57699414164847,29.651327902944136],[-95.57717876160905,29.651411870806083],[-95.57736785517972,29.65149789179022],[-95.57755875077085,29.65158474802933],[-95.57773302752923,29.65166400895634],[-95.57792997327381,29.651753610701853],[-95.5781006414997,29.651831248464575],[-95.57830203659988,29.651922876701683],[-95.57845478523248,29.65199234688493],[-95.57849646885829,29.6520113087618],[-95.57892646813028,29.652206924487167],[-95.57900628703653,29.65224323684198],[-95.57909178239707,29.652282789767174],[-95.57910101528155,29.652287061622697],[-95.57926066297554,29.652360923630873],[-95.57944294012984,29.652445252863817],[-95.57961277741408,29.65252382768188],[-95.57978521981266,29.6526036062362],[-95.57997659690078,29.65269214621166],[-95.58014518373015,29.652770141578674],[-95.58033586462393,29.6528583566485],[-95.58050357200266,29.652935945157523],[-95.58067311823272,29.653014382194634],[-95.58085561098271,29.65309880846363],[-95.58102462900341,29.65317700180526],[-95.58110628496442,29.65321477912418],[-95.58183759355576,29.6535530982673],[-95.58201465149826,29.65363500878217],[-95.58220377291671,29.653722499418226],[-95.58253504374571,29.65387575695497],[-95.58289431596044,29.654041888151585],[-95.58297088745697,29.65407688364913],[-95.58301944588965,29.654099299559537],[-95.58316195372798,29.654165221698662],[-95.58319569265345,29.654180825544824],[-95.58326184009937,29.654211421972736],[-95.58337280359655,29.654262024367522],[-95.58345050966524,29.654297951896247],[-95.58355339640968,29.654345565102805],[-95.58362822068295,29.654380176410474],[-95.583663705035,29.65439659132798],[-95.58457965604477,29.654821603031863],[-95.58474698613105,29.654899010476562],[-95.58489983268002,29.65496971438163],[-95.5850921170666,29.655058666802603],[-95.58520908400479,29.655112769221383],[-95.5854446114925,29.655220898248263],[-95.58553386270924,29.65526300273609],[-95.58713584991497,29.656021386363253],[-95.58769245504817,29.656285136759823],[-95.58809427866129,29.656466629374517],[-95.58832972080904,29.656572968495688],[-95.5883764799162,29.6565940887651],[-95.5886168556115,29.656702657262514],[-95.58894699635988,29.656851766624047],[-95.58911306071994,29.656929658845446],[-95.58999253204435,29.657342167332047],[-95.59015276813483,29.6574173207044],[-95.59031715174699,29.657494423266105],[-95.59046366157993,29.65756314019429],[-95.59062093143336,29.65763690543466],[-95.59078346541435,29.657713137422036],[-95.59107248218734,29.657848691951134],[-95.59113457643473,29.657877815772597],[-95.59147969030226,29.658039681241256],[-95.5916847684951,29.658135866607875],[-95.59189272668674,29.658233400029275],[-95.59220853840803,29.658381519628016],[-95.59237470607434,29.658456463796526],[-95.59270386765907,29.65860037783282],[-95.59316958394675,29.658818795289335],[-95.59344552843574,29.658938155071414],[-95.59363624077054,29.65901701677289],[-95.59363844343963,29.659018100277784],[-95.59380869215227,29.659097270262485],[-95.5939811022115,29.65917744406467],[-95.5941547402677,29.65925818999835],[-95.59432894156761,29.659339198155713],[-95.59449552784884,29.65941666379431],[-95.59450215741563,29.659419773784457],[-95.59467127245438,29.659499095673873],[-95.59467930249473,29.659502592068016],[-95.59484891609846,29.659576437851545],[-95.59520152371209,29.659764422388612],[-95.59617521753003,29.66019464231531],[-95.59718965803091,29.66066828810526],[-95.59747059805119,29.660798347847404],[-95.59768385001479,29.66090509377134],[-95.59785586571361,29.66097953881295],[-95.59786465393204,29.660983341934607],[-95.59801006422708,29.661046271398906],[-95.59844998179813,29.661256778351667],[-95.5985623924812,29.661307805755836],[-95.59885842689317,29.66144156863881],[-95.59894437859788,29.661486161430958],[-95.599319906726,29.661660036130897],[-95.59949612743867,29.661742868963103],[-95.59964471237993,29.661811529908906],[-95.59978454413704,29.66187846099618],[-95.5997844354409,29.661878706885513],[-95.59979305926761,29.661882537294154],[-95.59996560048086,29.66195916495158],[-95.60010730432705,29.662025971044656],[-95.60037632550014,29.662145298920407],[-95.60046321414767,29.662187437198888],[-95.60067180475329,29.66228513764367],[-95.60089691897021,29.66238949492458],[-95.60106808845603,29.66246976523907],[-95.60128676624396,29.662569360695706],[-95.60146542408596,29.662642238632273],[-95.60172265936252,29.662762270653452],[-95.60176528532106,29.66278404844499],[-95.60196935380753,29.662887162504198],[-95.60217200115923,29.662981479962767],[-95.60231684012574,29.66304911280437],[-95.60260805507623,29.663192723646937],[-95.60273146832492,29.66326586028789],[-95.60292253549426,29.663363185782995],[-95.60311258127913,29.663457761170136],[-95.60329121037508,29.663558951950865],[-95.6034634677207,29.66364679146718],[-95.60364099188882,29.663745673863723],[-95.60382291780184,29.663839039764007],[-95.60398763379067,29.663922549911085],[-95.60415099062844,29.664001536502077]]]},"properties":{"OID":1,"uid":"9a3d52d9-104b-469e-8391-e813c1dd8408","name":"DULLES MS","address":"500 Dulles Ave","city":"Sugar Land","state":"TX","zip":"77478","lat":29.622264100126607,"lng":-95.58423609985593,"phone":"(281) 634-5750","fax":"","website":"https://www.fortbendisd.com/dms","email":null,"enroll_url":"https://www.fortbendisd.com/newstudent","bus_url":null,"fill_color":"#dc454d","zone_searchable":true,"ne_x":-95.56406740896452,"ne_y":29.668612703789826,"sw_x":-95.64918261864146,"sw_y":29.573710688879014,"schools":[{"code":"041","fax":"","lat":29.622264100126607,"lng":-95.58423609985593,"zip":"77478","city":"Sugar Land","name":"DULLES MS","email":null,"phone":"(281) 634-5750","state":"TX","address":"500 Dulles Ave","website":"https://www.fortbendisd.com/dms","enroll_url":"https://www.fortbendisd.com/newstudent","bus_url":null,"fill_color":"#dc454d"}]}},{"type":"Feature","id":2,"geometry":{"type":"Polygon","coordinates":[[[-95.52678264534924,29.628174675663267],[-95.52842081399967,29.628937361284304],[-95.53226681883628,29.63070833736995],[-95.53250083984926,29.630818509523657],[-95.53252581930236,29.63083012142143],[-95.53287822838833,29.6309939660859],[-95.5329006242867,29.631004575364454],[-95.53302206393668,29.63106210610416],[-95.53304979223456,29.631075240611572],[-95.53335554821454,29.631216583450442],[-95.53350150648191,29.631284095524233],[-95.53366827691778,29.63136242605813],[-95.533835079693,29.63143972894969],[-95.53400070926845,29.631517001329264],[-95.53416979645944,29.63159641782461],[-95.53431340383571,29.63166386873869],[-95.53450918087209,29.631754255844278],[-95.53461693828201,29.631803303173747],[-95.5348949947102,29.63193076880552],[-95.53491704206222,29.631941253052137],[-95.53517597964624,29.632068425697295],[-95.53522270012586,29.632091019852844],[-95.53549841554442,29.632218841179483],[-95.53578336923741,29.632349758334566],[-95.53594862331705,29.632427044070965],[-95.5360956910038,29.632495460314065],[-95.53623961818029,29.632560555647977],[-95.53638621694647,29.63262763189994],[-95.53652429698879,29.632694358296575],[-95.53667003337229,29.632760714537152],[-95.5367663309741,29.63280497725332],[-95.53669251281394,29.632740822192936],[-95.53657884089623,29.632647422758893],[-95.53646518424983,29.632553610180008],[-95.53635062030502,29.632458527885642],[-95.53625483025132,29.632379386141228],[-95.53627535316231,29.63235901663466],[-95.53634568046927,29.632289012089906],[-95.53637327401985,29.63226112316647],[-95.53641231659871,29.632226095098712],[-95.53674945342655,29.631914086303258],[-95.53688206093214,29.63179170388148],[-95.53691742041836,29.631759094675875],[-95.53708515564485,29.631604401089238],[-95.5373727252319,29.63133836142163],[-95.53740669502439,29.631306749980226],[-95.53742089649072,29.63129353429592],[-95.53771325409824,29.63102584701536],[-95.53785984747452,29.630898143643545],[-95.53807320543933,29.63070383737358],[-95.53842386730207,29.63038031108198],[-95.53845444864929,29.630353287587646],[-95.53859969545094,29.630221753311588],[-95.53876208839642,29.63007036191113],[-95.53892654117885,29.62991904290216],[-95.53904290175423,29.629810967907623],[-95.53909625000401,29.62976262159215],[-95.5392630914068,29.629611422372],[-95.53935012108984,29.629532551688758],[-95.53940462906463,29.629483154212696],[-95.53942615719043,29.629463643838886],[-95.53959325191812,29.629312214599064],[-95.53963278767209,29.62927638356903],[-95.53974490909764,29.62917477336087],[-95.53976147762474,29.62915975752684],[-95.53979954014164,29.62912526482796],[-95.53994569603837,29.628992809100133],[-95.54003209959566,29.628914506396182],[-95.54012588371131,29.628829512466034],[-95.54022783441124,29.628737117492914],[-95.54029960081928,29.628672794299796],[-95.54046911650664,29.62851563079976],[-95.54064250662785,29.628357002159476],[-95.54081263766119,29.62819968199435],[-95.54082399236638,29.628190331951128],[-95.54098231774024,29.628044895485033],[-95.54115037546192,29.62789202185588],[-95.54130263630933,29.62775114443339],[-95.54140129019214,29.627658412698764],[-95.54148781681862,29.62757880256728],[-95.54166786615103,29.627415450542156],[-95.54199457802996,29.62711495874288],[-95.54233819889751,29.627387593846784],[-95.54255470815234,29.62755975878313],[-95.54279393130912,29.627729145885837],[-95.54314111759001,29.628024789033823],[-95.5433690722799,29.62820675270047],[-95.54350048412786,29.628330233463988],[-95.54378758838762,29.628563467031665],[-95.54414913962822,29.628857173548464],[-95.54451498840915,29.62915437041035],[-95.54480652854976,29.629391200240164],[-95.54487663756612,29.62944772772506],[-95.5452409672959,29.629741483980737],[-95.54529723507035,29.629786852145262],[-95.54546233194483,29.629919090533928],[-95.54560505268391,29.630035155048247],[-95.54597324247447,29.630334576968178],[-95.5461155715481,29.63044937447372],[-95.5463289888017,29.63062151231399],[-95.54669501634739,29.630916136565432],[-95.54677118719526,29.630977448185785],[-95.54706407480883,29.63121563785474],[-95.54741949325097,29.631504677387788],[-95.54800218635833,29.63197854094912],[-95.54806515646311,29.631916809849773],[-95.54815451098612,29.631825579589368],[-95.54821988408429,29.631754600973125],[-95.54834857852852,29.63160923368136],[-95.5484281629745,29.631503980881604],[-95.54856059530863,29.63131518693472],[-95.54867411451278,29.631118805997843],[-95.54897982557699,29.630602667439277],[-95.54915561599663,29.630301847821425],[-95.54926091381928,29.63011659120204],[-95.54943497677863,29.629822511206772],[-95.55001515190824,29.628838405648516],[-95.54969958902029,29.628570932046152],[-95.54939278201141,29.628308962024743],[-95.54872484866506,29.627751905777295],[-95.5483669140418,29.627456384424807],[-95.54803861034816,29.62717798902907],[-95.5477227123886,29.626905863267464],[-95.54738983627018,29.626630029179893],[-95.54702787090623,29.626327322814603],[-95.54665831747309,29.626007153522984],[-95.54632949455322,29.625742129055862],[-95.54608514920268,29.625520823971094],[-95.54601327409848,29.62545925914709],[-95.54593991497742,29.625396423006652],[-95.54575328997716,29.62524417787561],[-95.54544226807297,29.624973141694536],[-95.54519216272482,29.62476360838083],[-95.54509747490398,29.624686986768126],[-95.54488442326468,29.624514584998177],[-95.54486661955406,29.62449943025193],[-95.54498442192548,29.62436935875213],[-95.54545480765601,29.623944999394617],[-95.54581404932803,29.623620903988602],[-95.54648475038377,29.62302906699441],[-95.54665116239184,29.622885273907535],[-95.5478103852654,29.62185403585586],[-95.54831948658806,29.62137787641842],[-95.54835491883782,29.621344737505122],[-95.54823677151332,29.620904636928593],[-95.54822627110596,29.620865701879488],[-95.54765207426456,29.618736689752332],[-95.54700471682979,29.61634892871151],[-95.54697195976296,29.61622809944523],[-95.5469556634254,29.616167987768428],[-95.54694911380865,29.61614382578813],[-95.5469383492966,29.616096756806343],[-95.5468930283922,29.615898372727795],[-95.54684586324652,29.61569189127581],[-95.54674936262543,29.615269437630428],[-95.54602354902869,29.612947183539493],[-95.5430850681062,29.6104720297827],[-95.54300465182027,29.610406323494576],[-95.54170678116913,29.611594379133983],[-95.54164647097589,29.611533610223177],[-95.54150375472838,29.611415645330982],[-95.54148269642151,29.61139824716703],[-95.54137011505853,29.611305221569534],[-95.54133072842488,29.611272665870313],[-95.54123435087301,29.611193002963258],[-95.54119153536993,29.611157623933927],[-95.5410926057043,29.6110759280065],[-95.54103846873373,29.611031333974854],[-95.54095020027391,29.610958671722855],[-95.54089211430933,29.6109108903944],[-95.54081045026348,29.610843712213736],[-95.5407398049529,29.610785610736436],[-95.5406757703445,29.610732944187017],[-95.54059501180046,29.610666532827846],[-95.5405326076343,29.610615217343398],[-95.54046378410713,29.610558619157075],[-95.54044573066486,29.610543773930782],[-95.54038874154324,29.6104969077368],[-95.54022936514048,29.610365850505392],[-95.54017981047613,29.610325096339743],[-95.54003446126654,29.610205558658283],[-95.53987973454367,29.610078311559533],[-95.53919187297106,29.60950609672205],[-95.53902850355688,29.6093663697948],[-95.53899007362901,29.60937590199747],[-95.53860391034624,29.609058298360384],[-95.53834717902457,29.60929556982926],[-95.53853727870838,29.6094543776472],[-95.53832075238553,29.60949190504369],[-95.53820351774938,29.60951221434933],[-95.53760651807282,29.610048556920965],[-95.53707433364062,29.610517966599218],[-95.53693133172887,29.610541990910185],[-95.53688259812469,29.610550178121635],[-95.53696083689437,29.610884036621833],[-95.53691794413618,29.61089237063278],[-95.53688655520352,29.61089917467162],[-95.53685537468,29.610906638651702],[-95.53682442951512,29.610914809432632],[-95.53679379696392,29.61092383384147],[-95.53678063305173,29.61092771304842],[-95.53676324615942,29.610933126131133],[-95.53674372486996,29.610934514741842],[-95.5367138522935,29.61094530263751],[-95.53668429322909,29.610956730948477],[-95.53665504588008,29.610968819980457],[-95.5366293917922,29.610980179561214],[-95.53662621445102,29.610981586134184],[-95.53659767587277,29.610994856028242],[-95.5365695541128,29.611008776489737],[-95.53654182222166,29.61102334127026],[-95.5365147407108,29.611038754990386],[-95.53649989605073,29.611047204575843],[-95.53648781820173,29.61105440300667],[-95.53646126849351,29.61107052430337],[-95.53638630857462,29.611119341935822],[-95.5363613749356,29.61113733526552],[-95.53633694075987,29.61115583701926],[-95.53631366451255,29.6111743942202],[-95.53623124767849,29.61125139317339],[-95.53610142135699,29.611368794381182],[-95.53590944509256,29.611539828475316],[-95.53577563294617,29.611665149369518],[-95.5357591964714,29.611683634625543],[-95.5355171921305,29.611910530734207],[-95.53535276180595,29.612066319822752],[-95.53533530574335,29.612079842613873],[-95.53519571024313,29.61220927785216],[-95.53505778111777,29.61233716891681],[-95.53504747744148,29.61234624474338],[-95.5349026124238,29.612473835736477],[-95.53476531661073,29.612594760878135],[-95.53475403736402,29.612604702791614],[-95.53461335220739,29.612730942358755],[-95.53447829409768,29.612852138192423],[-95.53431893925449,29.61299974506173],[-95.53419330716704,29.613116114122242],[-95.53418375807559,29.613124306591466],[-95.53402731197728,29.61325758524288],[-95.53389778748972,29.613367929549007],[-95.53388422292893,29.613380808640553],[-95.53375306350755,29.613505340022282],[-95.53373403359657,29.61352154214858],[-95.53356963740801,29.61366356406843],[-95.53355607464384,29.61367484368605],[-95.53332314059236,29.61389029718317],[-95.53301764781874,29.61416812559894],[-95.5329023238992,29.614268387366316],[-95.53251118125482,29.613936087181198],[-95.53198893757956,29.613492404716403],[-95.53141409934105,29.613026674806743],[-95.53122902752789,29.612873277003835],[-95.52813559530371,29.61029414293772],[-95.52801827083603,29.610186945046927],[-95.52754290484556,29.609552107393323],[-95.52732619077483,29.609127049903638],[-95.52720527663928,29.608813165444456],[-95.52719612639979,29.608783824369176],[-95.5271271483624,29.608562621846815],[-95.52708495898507,29.60836031083283],[-95.52705258549885,29.608174118829716],[-95.5270064318562,29.60753939268454],[-95.52700470978579,29.60746032665309],[-95.52720523262182,29.607456869065086],[-95.52723353314653,29.60745649105004],[-95.52719496847139,29.606347580924112],[-95.52719018763746,29.60610110663174],[-95.52763489502559,29.606102981111743],[-95.53047063293413,29.606059653279168],[-95.53060458970927,29.606059345551877],[-95.52988641897898,29.606717260382315],[-95.52995250444116,29.6067727657236],[-95.52997266982267,29.606790534111955],[-95.53082475690397,29.607509593559453],[-95.5326247498663,29.609029027647434],[-95.53274552386468,29.609130608184646],[-95.5328351164412,29.609206581671614],[-95.53290088928968,29.609147091396483],[-95.53312717670639,29.608943741248265],[-95.53326015880948,29.608824079310065],[-95.53379712138066,29.60833624148407],[-95.53463526840537,29.60757045158916],[-95.53476544237488,29.607453381798067],[-95.53534262431798,29.60692055878707],[-95.53570607100383,29.606597884782612],[-95.53585901097757,29.606462736912263],[-95.53605670052721,29.606284047903],[-95.5361103739671,29.606235533312955],[-95.5361782569582,29.60617417227346],[-95.53629796106307,29.60606597340327],[-95.53642141922751,29.60595437926028],[-95.536535617558,29.605851155349026],[-95.53657511737937,29.60581545265857],[-95.5366589616364,29.605739664846062],[-95.53678338279482,29.605627198704607],[-95.53690862950499,29.605513988889662],[-95.53702644175787,29.605407495880733],[-95.53715176392654,29.605294215525525],[-95.53725290075279,29.605202761997393],[-95.53726978728352,29.605187457511754],[-95.53727607010062,29.605181764508053],[-95.53738963242388,29.60507883894475],[-95.53740023973076,29.605069225888574],[-95.53742378547267,29.605047884713176],[-95.53751987286871,29.604960800111645],[-95.53755596448188,29.604928090060508],[-95.53764401644773,29.60484828467683],[-95.53770258750257,29.604795201072932],[-95.5377654489112,29.604738228623688],[-95.53788866632713,29.60462655256367],[-95.53801007184116,29.60451651891888],[-95.53813515146469,29.604403154771894],[-95.53827326654131,29.60427797715541],[-95.53840673014139,29.604157012358595],[-95.53864486633668,29.603941178777784],[-95.53843145537127,29.603760413951747],[-95.53661303975909,29.60221927048512],[-95.53654577570724,29.6021615350433],[-95.54078275520327,29.598263894128618],[-95.54082423940308,29.598225729086025],[-95.54088967268838,29.598165532471707],[-95.54095577521858,29.59810459846762],[-95.54119774542347,29.598315033903894],[-95.54121610429296,29.598330999456486],[-95.54147176033123,29.598551847936893],[-95.54170307292364,29.598744689163592],[-95.54171273160956,29.598752742204347],[-95.54171958306024,29.59875845353607],[-95.54185230465188,29.59886910115082],[-95.54197426981634,29.598970780966923],[-95.54197578976579,29.598972047892524],[-95.5421222555813,29.599092271407585],[-95.54214612292009,29.599114074684906],[-95.54229769835291,29.599240376445756],[-95.54240036501011,29.599325923342626],[-95.54243713125805,29.599356527060902],[-95.54257859884731,29.5994737320066],[-95.54272739579098,29.599597006617756],[-95.54286446612691,29.599710567532707],[-95.54297129378051,29.59980580101128],[-95.54305155196293,29.59987734810525],[-95.54337717149049,29.59957869645186],[-95.54345091149722,29.59964008884254],[-95.54358019882955,29.59952191632669],[-95.54371055605536,29.59940337031372],[-95.54383263440754,29.599292350707007],[-95.54395591560386,29.599180237456363],[-95.54407167790127,29.59907496250459],[-95.54416440200488,29.5989906377982],[-95.54423294795265,29.59904650278736],[-95.54436997966103,29.599160108844092],[-95.5446672178155,29.599406529803336],[-95.54467931003755,29.599416465206332],[-95.54503389124987,29.599707828275204],[-95.54516432573081,29.599819543368632],[-95.54655968604816,29.601014375364183],[-95.5481645478628,29.602363490614042],[-95.54833242053152,29.602514619022497],[-95.54839863714773,29.602572338640954],[-95.54883604123262,29.602953646268304],[-95.5495954823637,29.603608374359702],[-95.5496081126766,29.60361926379499],[-95.54969626076216,29.60368225019647],[-95.5497641707027,29.603730774606543],[-95.54980996232432,29.603768559537063],[-95.55075797330825,29.604550791194175],[-95.55096122342951,29.604359427094003],[-95.55168538502443,29.604925952347394],[-95.5514220915096,29.60516463160324],[-95.55177067916233,29.605458490665807],[-95.55255883853475,29.606122924014503],[-95.55349745763242,29.60691415670873],[-95.55392949248683,29.607278336460386],[-95.55415176173926,29.606939016015083],[-95.55424463226828,29.606797232988857],[-95.55466145145843,29.6061608744087],[-95.55475647075761,29.606015809164518],[-95.55515707086529,29.605404206926657],[-95.55518501386052,29.605361548144305],[-95.5553564690106,29.605069085301135],[-95.55550078875089,29.604822912490604],[-95.55343931237901,29.604779270128486],[-95.55347376726172,29.604726738686384],[-95.55418411546253,29.603664504691956],[-95.55469527662214,29.602900111777586],[-95.55465217275986,29.602863433281378],[-95.55480439767466,29.6026722604631],[-95.55465954882666,29.602233506926606],[-95.55432730422388,29.601223614377243],[-95.55422945972313,29.601063149438968],[-95.5542551057262,29.601039618069457],[-95.55426005454508,29.60103507769473],[-95.55450964336194,29.60080611460314],[-95.55500351824053,29.600348154836443],[-95.55506714411547,29.600289154538725],[-95.555259496774,29.600110788111138],[-95.55544779443733,29.599936179930342],[-95.55568108242504,29.599714914258502],[-95.55531706710562,29.599417878970318],[-95.55489316380113,29.599057445829217],[-95.55503026827306,29.598935123486985],[-95.55546735525263,29.59925333701267],[-95.55553050861376,29.599198455526356],[-95.55568460741421,29.599064536544795],[-95.55604503845568,29.599378727072484],[-95.55590534593742,29.599509672829786],[-95.55575290542696,29.599646794443036],[-95.55610819271507,29.59992323038632],[-95.55719455233762,29.60076847149932],[-95.55547639679597,29.603262639254368],[-95.55535703674586,29.603435888890594],[-95.55528299580351,29.603583324436322],[-95.5554645075932,29.60368680997836],[-95.55548468644942,29.6039465711473],[-95.55569584803338,29.604545321533504],[-95.55584172994392,29.604958969348758],[-95.55604008334856,29.605432793721178],[-95.55624675605104,29.606056219855198],[-95.55637994297,29.60645743840098],[-95.55604884102426,29.606522973092858],[-95.55481007862049,29.606016942444814],[-95.55455022385658,29.60640618716188],[-95.55428912402768,29.60682233366163],[-95.5542935572136,29.606821579188793],[-95.55420385234765,29.60696310131796],[-95.5539305246511,29.607376991485552],[-95.55424231820811,29.607647968768966],[-95.55443274577698,29.60761593673527],[-95.5544448775249,29.607613898268873],[-95.55450382587217,29.607898193640477],[-95.55453047798832,29.60789447286391],[-95.55471682540917,29.608034779003617],[-95.55483703257062,29.608018183924255],[-95.55491920326628,29.60800684197326],[-95.55509988591096,29.607979874960492],[-95.55516746976303,29.60828322922687],[-95.55540775652513,29.60825714171275],[-95.55540988193907,29.608275686169904],[-95.55541321738374,29.60830477121968],[-95.55541430254858,29.60831506345146],[-95.55541590604138,29.608333905465102],[-95.55541838988314,29.60836306078954],[-95.55542049373754,29.608392221572622],[-95.55542225713045,29.608421417493],[-95.55542402501491,29.608479884285707],[-95.55542427923814,29.608509100487066],[-95.55542341595714,29.608567567228988],[-95.5554217792267,29.608579378506434],[-95.55541788682658,29.608590774283034],[-95.55541346981033,29.608598617225812],[-95.55541302963583,29.60860159054601],[-95.55540506157928,29.608655339131555],[-95.55558894671793,29.60878563241322],[-95.55593729721542,29.608804539162943],[-95.5559367842774,29.608806730683714],[-95.55591800769133,29.608977774591438],[-95.5559220429236,29.6090683304388],[-95.55636020159332,29.609445909184032],[-95.5567094333381,29.609350749632835],[-95.55671573681647,29.60936728982225],[-95.55673453316545,29.609413693403752],[-95.55675467429245,29.609459648665666],[-95.55676555109392,29.609474445629218],[-95.55677981723893,29.60950571324765],[-95.55693551324399,29.60971502523832],[-95.5569443661411,29.609721746570056],[-95.55695183832763,29.60972966830638],[-95.55697296131322,29.60975036181866],[-95.55699461430484,29.609770639832107],[-95.55701677214964,29.609790482040744],[-95.55703943394931,29.609809885320992],[-95.5570626023988,29.609828851235],[-95.55708521389282,29.609846498029107],[-95.55711037660224,29.609865376463723],[-95.55713493384717,29.609882912348912],[-95.55715997169077,29.609899964789594],[-95.55718543892907,29.60991653300505],[-95.55721130861262,29.609932593565446],[-95.5572376436235,29.609948045721517],[-95.55724229060846,29.60995077220482],[-95.55726426429862,29.609963144080687],[-95.55729132245331,29.60997763403602],[-95.55731873364587,29.609991592907075],[-95.55734652662245,29.610004996483028],[-95.55737464568747,29.610017869756156],[-95.55740322468992,29.610029923755583],[-95.55741708569475,29.61003576878112],[-95.55743194562619,29.610041723146637],[-95.5574608695817,29.61005308595586],[-95.55749020047405,29.610063690410215],[-95.55751978199636,29.610073713797547],[-95.5575496419964,29.610083138155026],[-95.55757983886467,29.61009168232182],[-95.55760043813245,29.61009751094269],[-95.55748502977126,29.610431326424948],[-95.55784355818093,29.610571674332206],[-95.55810125519156,29.610685416575862],[-95.55961465503555,29.611298213718957],[-95.56058841622712,29.61169455130443],[-95.56076131317323,29.611762570043727],[-95.56207207375039,29.612307405573176],[-95.56239781005891,29.61244811871218],[-95.56404859015761,29.613133748626275],[-95.56420323423548,29.613198333213727],[-95.56443045500176,29.613199764747012],[-95.56454439641406,29.613247184178775],[-95.56457268076912,29.613253769384883],[-95.56457895370475,29.6129013110893],[-95.56456488429075,29.612328065754948],[-95.56451183428165,29.61117478081222],[-95.56447891641638,29.61005673011449],[-95.56445068955354,29.607692201903365],[-95.56443275558719,29.606527780332815],[-95.56440173226885,29.60535353077809],[-95.5643862713645,29.604768358949222],[-95.56435198536505,29.60296662354131],[-95.56435146883376,29.602155889513654],[-95.56431452831265,29.59973552703133],[-95.56426941491908,29.597951862984257],[-95.56418566768009,29.593757233964133],[-95.56415249559159,29.591629080438832],[-95.56414574565055,29.59069961467674],[-95.56411839015352,29.586933146819113],[-95.5417825037577,29.587215637371017],[-95.54181407325171,29.591056690615293],[-95.53482124122876,29.591175490155695],[-95.53462500605157,29.586399020971637],[-95.5314695855812,29.58646807309381],[-95.53136488423988,29.583360071476395],[-95.5307050716637,29.583349493900325],[-95.530094341238,29.583388338753963],[-95.52958210838828,29.583445607621524],[-95.5290733115945,29.583521475462426],[-95.52890855158824,29.58353441617485],[-95.52857464420387,29.583560643669866],[-95.52777642459861,29.583597294030135],[-95.52659660874548,29.583652389460923],[-95.52620688633756,29.583663187305586],[-95.52623600522749,29.584804293146565],[-95.52623612200848,29.584808871749374],[-95.52585605738817,29.584675453163907],[-95.52026190046595,29.582778315646816],[-95.52023459257963,29.580703751078087],[-95.52022360798033,29.57998550521331],[-95.51557879514195,29.5800538742368],[-95.5131678004627,29.58009263364172],[-95.51323011030574,29.582150206764382],[-95.51190345673457,29.582228523135594],[-95.51184281506302,29.584005178870044],[-95.51157364566791,29.58526833086348],[-95.51111377112453,29.58644182838711],[-95.51036730705601,29.58803536482449],[-95.51017327903949,29.58844956623479],[-95.50812754833791,29.591573769079982],[-95.5081263257308,29.59157563445618],[-95.50622278396565,29.59161206474714],[-95.506212066166,29.591751890482076],[-95.50586089675512,29.594684190715004],[-95.5056692672404,29.595509110492742],[-95.50508636662221,29.59650927766847],[-95.50507474871067,29.596528538999316],[-95.50495628607752,29.59672495140519],[-95.50473146650799,29.597092359540046],[-95.50300251860651,29.599917765942216],[-95.50271882435158,29.600380835130004],[-95.50232475589432,29.60102405832231],[-95.50058486561437,29.603859072418796],[-95.5005502077124,29.603916951383056],[-95.49972339562993,29.605297720050107],[-95.4986806761639,29.607038991306307],[-95.49842421613344,29.607510207443095],[-95.49815332736289,29.608010101163707],[-95.4979459369065,29.60837453547317],[-95.49764607207813,29.608901462754048],[-95.49741134858262,29.60931017312676],[-95.49716217119415,29.609744050516543],[-95.49631171904667,29.611247238288183],[-95.49501490032274,29.61347786137891],[-95.49508301418085,29.61350874742042],[-95.49513055931389,29.613530304697154],[-95.49524228907397,29.61357896650533],[-95.49536111911807,29.61363364960727],[-95.49560497039522,29.613745867839576],[-95.49577306045624,29.613823221733583],[-95.49593936017489,29.613899750079817],[-95.49611180257347,29.613979105487736],[-95.4962798522103,29.614056438897446],[-95.4964479422713,29.61413379177215],[-95.496617740928,29.61421192868183],[-95.49678672571105,29.61428969066544],[-95.49695823745498,29.614368616233218],[-95.49712807563753,29.614446770923223],[-95.49729698226716,29.614524497582032],[-95.4974676774425,29.614603045758752],[-95.49763576930013,29.614680395090076],[-95.49781081860966,29.614760947885696],[-95.49797972703591,29.61483867274034],[-95.49814956881173,29.614916825503922],[-95.49832485707313,29.61499748588365],[-95.4984966895156,29.61507655693749],[-95.49867057999843,29.61515657367578],[-95.49884126978387,29.61523511745506],[-95.4990137211656,29.615314470249803],[-95.49918993379342,29.615395553592386],[-95.50018919456264,29.61585535445937],[-95.50030884566691,29.615911145285782],[-95.50065567352,29.61607285955309],[-95.50081778708945,29.616142052238107],[-95.5008383324583,29.61615082080658],[-95.50238499422233,29.616808726010348],[-95.50548289107348,29.618254902194785],[-95.50560457237027,29.618312030221993],[-95.5066204834133,29.6187889827377],[-95.50752524860117,29.619220238350422],[-95.50842647173185,29.61964982639753],[-95.50866120960042,29.61976169510459],[-95.50884964919757,29.619851500164994],[-95.50988547948371,29.620345041571497],[-95.51010480316033,29.620447525165417],[-95.51039945776003,29.620585240698308],[-95.51054484469887,29.620653179250656],[-95.51098146006295,29.62085723203227],[-95.51182247451004,29.62125027092632],[-95.5119957622233,29.62132912310388],[-95.51323712704642,29.62189410518677],[-95.51396198663234,29.622223991116524],[-95.51427902635061,29.62236827633774],[-95.51554086288075,29.622953175768583],[-95.51571238899774,29.62303269116137],[-95.52011104727862,29.6250675181048],[-95.52016318370107,29.625091463982795],[-95.52046935110947,29.62523412710412],[-95.52057455460901,29.625283485276682],[-95.52078673667913,29.625382234346436],[-95.521211598486,29.625579960994088],[-95.52157365008824,29.625748571325182],[-95.52678264534924,29.628174675663267]]]},"properties":{"OID":2,"uid":"e7ea3488-d521-4543-b0cb-0a1b8e6e25a5","name":"MISSOURI CITY MS","address":"202 Martin Ln","city":"Missouri City","state":"TX","zip":"77489","lat":29.61551230021472,"lng":-95.54136720002542,"phone":"(281) 634-3440","fax":"","website":"https://www.fortbendisd.com/mcms","email":null,"enroll_url":"https://www.fortbendisd.com/newstudent","bus_url":null,"fill_color":"#0463ff","zone_searchable":true,"ne_x":-95.49501490032274,"ne_y":29.63280497725332,"sw_x":-95.56457895370475,"sw_y":29.57998550521331,"schools":[{"code":"042","fax":"","lat":29.61551230021472,"lng":-95.54136720002542,"zip":"77489","city":"Missouri City","name":"MISSOURI CITY MS","email":null,"phone":"(281) 634-3440","state":"TX","address":"202 Martin Ln","website":"https://www.fortbendisd.com/mcms","enroll_url":"https://www.fortbendisd.com/newstudent","bus_url":null,"fill_color":"#0463ff"}]}},{"type":"Feature","id":3,"geometry":{"type":"Polygon","coordinates":[[[-95.61273323254485,29.668612703789826],[-95.61274743131624,29.66862096433601],[-95.61296584949105,29.668743515855923],[-95.61394601656892,29.66928594817875],[-95.61503459413188,29.66988879285567],[-95.61592695448401,29.67038298585727],[-95.61597217118381,29.67040838992442],[-95.61608470313946,29.670470678918274],[-95.61617631872204,29.670521390215598],[-95.6162113521198,29.670540438362018],[-95.61639576995942,29.670642565681923],[-95.61730850769543,29.671147832247684],[-95.61894342174959,29.672053628942272],[-95.61960095979147,29.67241745454755],[-95.6200783442964,29.67268635005599],[-95.62125834520248,29.673350996374285],[-95.62177448392707,29.67364170931623],[-95.62213299796369,29.67384363866406],[-95.62311014580389,29.674411519121406],[-95.62314526633823,29.67443237573804],[-95.6231842442384,29.674455525469202],[-95.62329194325781,29.67451948769584],[-95.62336934928922,29.67456480367956],[-95.62362048141173,29.67471182213962],[-95.62363661784919,29.674721267766255],[-95.62391106125332,29.67488193304112],[-95.62399028906813,29.67492632787188],[-95.62419912940537,29.675047991305632],[-95.62440580120953,29.675168391746734],[-95.62454762722659,29.675251015208406],[-95.624552799726,29.67525402870785],[-95.6247371636667,29.675358099359666],[-95.62484269594964,29.675417673064686],[-95.62499332096492,29.675502703368764],[-95.62509052766181,29.675557587775614],[-95.6254445132911,29.675757384871048],[-95.62560398222031,29.6758474061376],[-95.62579309196067,29.67595415872528],[-95.62597039604157,29.676054233319554],[-95.62598199958009,29.676060791003952],[-95.62617719271155,29.67617096503331],[-95.62633579746148,29.676260494221335],[-95.62649261636064,29.676348735523394],[-95.62653833342206,29.676374389400703],[-95.62675965135861,29.676498577520228],[-95.62685796657657,29.676553734553984],[-95.6269640261706,29.676613248233554],[-95.62715258075208,29.676719040791124],[-95.62724267997847,29.67676748709088],[-95.62742707895346,29.67686685609811],[-95.62767687977272,29.67700797932241],[-95.62780569548953,29.677080757041608],[-95.62788583778928,29.67712603831021],[-95.62788856327786,29.677127577421878],[-95.62806765500616,29.677228748986153],[-95.62817114991003,29.67728721720173],[-95.62832905577068,29.6773764253987],[-95.62842733415772,29.677431951898484],[-95.62865355240415,29.6775597437454],[-95.62893602495029,29.67771920879242],[-95.62906400523387,29.677791430296878],[-95.62922440032615,29.67788196719835],[-95.62942791814534,29.677996861110984],[-95.62957984392115,29.678082636929073],[-95.62964488284602,29.67811936998598],[-95.62986153223804,29.678241671105667],[-95.62996433274422,29.678299728983607],[-95.63015459322645,29.678406932422078],[-95.63039544952042,29.678542877397252],[-95.63052999918368,29.678620098787786],[-95.63070594950344,29.67871822033349],[-95.63088803172333,29.67881976180063],[-95.63104817977892,29.678909077122977],[-95.63115832041927,29.678970495311887],[-95.63136373458202,29.679085047696788],[-95.63139707196052,29.67910363686721],[-95.63140229566392,29.67910656127793],[-95.6315920360216,29.679212554913665],[-95.6317395600525,29.679298315646168],[-95.63190034052205,29.679387980972187],[-95.63190752704433,29.67939198475775],[-95.63214164597366,29.679516471189487],[-95.63225787270008,29.679581560307895],[-95.63226719721273,29.679586663758812],[-95.63241671999515,29.679668515614306],[-95.63260999432514,29.67978249122293],[-95.63277163088915,29.67987301540492],[-95.63297088889728,29.67998089226409],[-95.63360830198185,29.680337871888682],[-95.63412753719922,29.68062849907123],[-95.63420227613254,29.680678560590007],[-95.63420145417408,29.680173648634923],[-95.63416608121314,29.675331420431107],[-95.63415746726785,29.674152210494697],[-95.63416638304705,29.67415211761451],[-95.64344024059567,29.674055659554934],[-95.64344082090733,29.674055654091415],[-95.64339620607876,29.672444635342355],[-95.643341877767,29.670830579493984],[-95.64325671747807,29.668300550185002],[-95.64325928396482,29.668300515840762],[-95.64445692598646,29.668284805687737],[-95.64758374679312,29.668268354008518],[-95.64868779783686,29.668262540461946],[-95.65198324140553,29.66823916372584],[-95.65214011600021,29.668240966019365],[-95.65204710802897,29.662945599247713],[-95.65204707029972,29.66294345730146],[-95.65198954847713,29.659668265900425],[-95.65191875943611,29.655637217063354],[-95.65191601059134,29.655480605411753],[-95.64875874587969,29.653858359097676],[-95.64883856388764,29.653757273318302],[-95.64919057232498,29.653220562313578],[-95.64955030357882,29.652655371860686],[-95.64994085603007,29.65198787672479],[-95.6501913144161,29.651476105310554],[-95.65052372161395,29.650747315298297],[-95.65077103769315,29.6501192808722],[-95.65096104125722,29.64955549152938],[-95.65121012432255,29.6486122222497],[-95.65139409839442,29.64776321105461],[-95.65150257355825,29.646988495070165],[-95.65157102697952,29.646212484931496],[-95.65159975600062,29.64546741610187],[-95.65159039375874,29.644410747212007],[-95.6515903856739,29.644410164782613],[-95.65155271302582,29.641767751100446],[-95.65152384835912,29.63968095596578],[-95.65151416991024,29.63898123639744],[-95.65151247568761,29.638858750911634],[-95.65150889140963,29.638608635705168],[-95.65147303335844,29.63610582462729],[-95.65145406273628,29.634808456375506],[-95.65143429351181,29.633456332726137],[-95.65141670539685,29.63218401533228],[-95.65140896281743,29.63143310120508],[-95.65139478740224,29.63085960756195],[-95.65137995801352,29.63061972496358],[-95.6513126409611,29.629898273884262],[-95.65122267738033,29.629272339527354],[-95.65108562501071,29.628547542186197],[-95.65076987347653,29.62727809339273],[-95.65056638530174,29.626483175515133],[-95.65037982767512,29.625703665966544],[-95.65029636789701,29.6252720398489],[-95.65019518884993,29.62455418317512],[-95.65011031781852,29.623551983505504],[-95.65006708370052,29.620573892352034],[-95.65005617905129,29.619765843391377],[-95.6500491856668,29.61924751707172],[-95.65004755791952,29.618340970245296],[-95.65001488529431,29.617456227070797],[-95.65038079246574,29.617785202891497],[-95.65073996496747,29.618018065712388],[-95.6516668394911,29.61882663473246],[-95.65216283978364,29.61931449285707],[-95.6525561671308,29.619762440109398],[-95.65313241752094,29.62041032983494],[-95.65338775914887,29.620759464048703],[-95.65392884858048,29.62074710364989],[-95.65413067038041,29.62071569504816],[-95.65534578463432,29.619975923593632],[-95.65535318495563,29.61970576506167],[-95.65465027300874,29.611021593403013],[-95.65288327606508,29.611833038699473],[-95.65177115545515,29.612343731533766],[-95.65105253017731,29.612673719793353],[-95.65047306920833,29.612939801713406],[-95.64979017711589,29.613253373429053],[-95.64918073128105,29.613533214612904],[-95.64918261864146,29.6135367118223],[-95.64779916998478,29.614195208883018],[-95.64451895196189,29.615957071033257],[-95.64050943308231,29.617879006574803],[-95.63884882361775,29.618689943726956],[-95.63685001731336,29.619432875674075],[-95.63552116107313,29.619815876620763],[-95.63379827949477,29.620188808437696],[-95.63303361915187,29.620348580714342],[-95.63001657516789,29.620978934281627],[-95.6187725603859,29.623193720084036],[-95.61886714310387,29.62361554781194],[-95.61887266145466,29.623805519723483],[-95.61884867463995,29.62400696183831],[-95.61880199817779,29.6241803148239],[-95.6187138195495,29.62446593784068],[-95.61862163353672,29.62477742308247],[-95.61858654624005,29.625099753089383],[-95.6186075740042,29.626893458331992],[-95.61864598866069,29.63010354480542],[-95.61865821024014,29.63104381727004],[-95.61866511738636,29.631477857212566],[-95.61872905497673,29.635068776822685],[-95.61874738240513,29.63616685434296],[-95.61876336163742,29.63712414927187],[-95.61876737620841,29.637364690201927],[-95.61884814104067,29.642058089975126],[-95.6189020803819,29.645197672577094],[-95.61890724928804,29.645510451393907],[-95.61893759617496,29.64734691900255],[-95.61894324298486,29.64768868675238],[-95.61894854484166,29.648006286512064],[-95.6189640344921,29.648950941749643],[-95.61899972366004,29.651001276452263],[-95.61901072083573,29.651633005019534],[-95.61908891558795,29.65625175484188],[-95.6191066510266,29.657017986584346],[-95.61913343609343,29.658175193957014],[-95.61917285147315,29.65987803102831],[-95.61911040418786,29.66196195793941],[-95.61737340738145,29.66185423894659],[-95.61654137518889,29.664066620051358],[-95.61474186911342,29.663939548710555],[-95.61273323254485,29.668612703789826]]]},"properties":{"OID":3,"uid":"6c5846d6-85e2-4076-ac05-6aa6f7881bde","name":"SUGAR LAND MS","address":"321 7th St","city":"Sugar Land","state":"TX","zip":"77498","lat":29.630365400060885,"lng":-95.62721030020404,"phone":"(281) 634-3080","fax":"","website":"https://www.fortbendisd.com/slms","email":null,"enroll_url":"https://www.fortbendisd.com/newstudent","bus_url":null,"fill_color":"#a680e5","zone_searchable":true,"ne_x":-95.61273323254485,"ne_y":29.680678560590007,"sw_x":-95.65535318495563,"sw_y":29.611021593403013,"schools":[{"code":"043","fax":"","lat":29.630365400060885,"lng":-95.62721030020404,"zip":"77498","city":"Sugar Land","name":"SUGAR LAND MS","email":null,"phone":"(281) 634-3080","state":"TX","address":"321 7th St","website":"https://www.fortbendisd.com/slms","enroll_url":"https://www.fortbendisd.com/newstudent","bus_url":null,"fill_color":"#a680e5"}]}},{"type":"Feature","id":4,"geometry":{"type":"Polygon","coordinates":[[[-95.53482124122876,29.591175490155695],[-95.54181407325171,29.591056690615293],[-95.5417825037577,29.587215637371017],[-95.56411839015352,29.586933146819113],[-95.564111083257,29.585927025789086],[-95.56406740896452,29.58258111049969],[-95.56611475753192,29.582522877121146],[-95.56907353858323,29.58244627340495],[-95.57089583940902,29.582439153397583],[-95.57182521035082,29.58249313935247],[-95.57305307619019,29.582557872462345],[-95.5726788066018,29.58198219693233],[-95.57234345472645,29.58148109769175],[-95.57214648921894,29.581053902433506],[-95.57198914750028,29.580645311934056],[-95.57189949293998,29.580018588189112],[-95.57171075600047,29.579046329170843],[-95.57168139007385,29.578122127203073],[-95.57168068130308,29.577543414639024],[-95.57168684105098,29.577059860735833],[-95.57169064182295,29.5766466047833],[-95.57160426431682,29.57622224302508],[-95.57152234155616,29.575965096466355],[-95.57131890548365,29.575731215430043],[-95.57104392309034,29.575530683149076],[-95.57073050268436,29.57527639428441],[-95.57028404268308,29.57508905212148],[-95.57286258933252,29.573710688879014],[-95.57246564985961,29.573437584404143],[-95.57194186826857,29.573073605942426],[-95.57037225904061,29.571982847912956],[-95.56988010713074,29.571643432191518],[-95.56948298260488,29.571332508653963],[-95.56909518708326,29.570961479917624],[-95.56742239736178,29.569065679339708],[-95.56604477248307,29.567507401857505],[-95.56475641229586,29.56605003900581],[-95.5647389409619,29.566030274923424],[-95.56473086510749,29.566021139454623],[-95.56357823856307,29.564689239106922],[-95.56190262453833,29.562758025580816],[-95.56152252039216,29.56232470328206],[-95.56132668496527,29.562101460314075],[-95.5604188277762,29.561066529955276],[-95.56001426070821,29.560605332291026],[-95.55960566289956,29.560139540297715],[-95.55924457159637,29.559727875557996],[-95.5590565649872,29.559513536305133],[-95.55836636330326,29.55872666564751],[-95.558125620197,29.55845220398923],[-95.55735875808335,29.557577929987453],[-95.55707660354084,29.557256264846146],[-95.55514767628405,29.558560294507735],[-95.55435351975882,29.55909715718979],[-95.55444351118736,29.55921446515017],[-95.55419669546978,29.559290241022303],[-95.55354790073055,29.55958563784142],[-95.55316893564816,29.55980926925113],[-95.55264682761852,29.56019654886662],[-95.55216026053476,29.560617630516408],[-95.55182231522319,29.560830615632913],[-95.55158432814822,29.560980603693476],[-95.55122376056286,29.56108629579026],[-95.54732882988262,29.56114839296131],[-95.54660905116795,29.561159835508185],[-95.54476706286438,29.561189121671152],[-95.54394077539807,29.56120225902851],[-95.54076321235426,29.561252779195804],[-95.54010788326966,29.561263198122553],[-95.53943169350752,29.561273949134858],[-95.53859110935346,29.561287282607605],[-95.53764216861317,29.561302336677617],[-95.53086184474877,29.561409610730813],[-95.53025898356496,29.56141914902698],[-95.52840079414526,29.561448548414717],[-95.52862558856195,29.57174088057963],[-95.52195318290588,29.571939554648598],[-95.52003429522073,29.571996690159192],[-95.52018712380338,29.578394205727477],[-95.52022508660728,29.57998336775288],[-95.52022513870958,29.579985482557518],[-95.52022360798033,29.57998550521331],[-95.52023459257963,29.580703751078087],[-95.52026190046595,29.582778315646816],[-95.52585605738817,29.584675453163907],[-95.52623612200848,29.584808871749374],[-95.52623600522749,29.584804293146565],[-95.52620688633756,29.583663187305586],[-95.52659660874548,29.583652389460923],[-95.52777642459861,29.583597294030135],[-95.52857464420387,29.583560643669866],[-95.52890855158824,29.58353441617485],[-95.5290733115945,29.583521475462426],[-95.52958210838828,29.583445607621524],[-95.530094341238,29.583388338753963],[-95.5307050716637,29.583349493900325],[-95.53136488423988,29.583360071476395],[-95.5314695855812,29.58646807309381],[-95.53462500605157,29.586399020971637],[-95.53482124122876,29.591175490155695]]]},"properties":{"OID":4,"uid":"84e73de2-f6e7-41a4-99b0-80dbc950c80d","name":"QUAIL VALLEY MS","address":"3019 FM 1092 Rd","city":"Missouri City","state":"TX","zip":"77459","lat":29.574023799713753,"lng":-95.56194529990421,"phone":"(281) 634-3600","fax":"","website":"https://www.fortbendisd.com/qvms","email":null,"enroll_url":"https://www.fortbendisd.com/newstudent","bus_url":null,"fill_color":"#09d574","zone_searchable":true,"ne_x":-95.52003429522073,"ne_y":29.591175490155695,"sw_x":-95.57305307619019,"sw_y":29.557256264846146,"schools":[{"code":"044","fax":"","lat":29.574023799713753,"lng":-95.56194529990421,"zip":"77459","city":"Missouri City","name":"QUAIL VALLEY MS","email":null,"phone":"(281) 634-3600","state":"TX","address":"3019 FM 1092 Rd","website":"https://www.fortbendisd.com/qvms","enroll_url":"https://www.fortbendisd.com/newstudent","bus_url":null,"fill_color":"#09d574"}]}},{"type":"Feature","id":5,"geometry":{"type":"Polygon","coordinates":[[[-95.58979737664212,29.585376323934625],[-95.59222470898146,29.587051274711897],[-95.59278065205629,29.58741623314897],[-95.59328427096075,29.58771161721718],[-95.59369418480132,29.587930864103324],[-95.59424453137193,29.58818931910746],[-95.59476627738053,29.588412293481646],[-95.59549340521252,29.58868911564255],[-95.59678826201588,29.58914375995807],[-95.59689461625732,29.58918110118354],[-95.59950438385444,29.59012512686051],[-95.60137091323324,29.590799238143138],[-95.6048744650122,29.59206447901106],[-95.60487512976549,29.592064718821717],[-95.60487543070111,29.59206482740043],[-95.60836343443914,29.59332564134344],[-95.61070779748049,29.59416712975413],[-95.61357573100881,29.595200915488434],[-95.61634947348462,29.596204414029526],[-95.61635560718138,29.596206633162918],[-95.61665073968483,29.595572522980017],[-95.6170205644092,29.594801810397094],[-95.61724538847031,29.594382532761536],[-95.61766631475793,29.593768122119652],[-95.61818282897832,29.59319017885695],[-95.61901990161793,29.592461791281714],[-95.61971935235603,29.59170619430242],[-95.62029275059514,29.591130407698262],[-95.62149934612522,29.5902211419521],[-95.62316459269324,29.588968696122386],[-95.62507735746142,29.587530275701084],[-95.62538637971579,29.58727704119134],[-95.62417521176094,29.586440940960294],[-95.62238343299354,29.585898585798486],[-95.62115473351761,29.58552860661616],[-95.62082826059053,29.58523790254623],[-95.62054205374773,29.58490304905464],[-95.62046159524101,29.584953642515067],[-95.62015834286571,29.585144331761242],[-95.62007902072781,29.585299386470577],[-95.61967025403587,29.585289055955272],[-95.61934324032299,29.585280791698434],[-95.61883641622957,29.58514282795967],[-95.61841312377949,29.584953337067002],[-95.6177715137659,29.584561651901232],[-95.61745987651574,29.584088913012543],[-95.61691961622914,29.583221105162526],[-95.6163273722337,29.581843250595472],[-95.6154729800754,29.579704374870815],[-95.61479592074407,29.578358148788983],[-95.61553075073131,29.57801477480817],[-95.6161539057557,29.577675198894863],[-95.6168115336291,29.577289620691744],[-95.6188125138565,29.576095544474484],[-95.6198300283923,29.575491068064164],[-95.62024171999879,29.575250201356642],[-95.62075403908682,29.574985618498],[-95.62158050262292,29.57469200115287],[-95.6222297707743,29.57455659490656],[-95.62288987889622,29.57446270405219],[-95.62360287353386,29.57441333037822],[-95.62460421210632,29.574411051388353],[-95.6246349910829,29.573485363169606],[-95.62466000018043,29.572698805276],[-95.62459212976576,29.57170399621252],[-95.62439155123417,29.570963818364554],[-95.62413310053705,29.570355791429098],[-95.62341339548423,29.569277169169336],[-95.62302194651434,29.568877182579925],[-95.62229886469439,29.568265940424464],[-95.62128273985232,29.567684484370115],[-95.62024224730987,29.567311948320402],[-95.61939517103124,29.56713622233346],[-95.6187629142764,29.567078788728022],[-95.61794346748097,29.567019372059466],[-95.61719750557072,29.566902996703035],[-95.6165432400914,29.56672617691245],[-95.61572096360283,29.566431151796426],[-95.61503488967762,29.566184166662993],[-95.61419619647722,29.565967581462683],[-95.61325168083805,29.565883813537337],[-95.61285906405828,29.56589337797671],[-95.61164302274301,29.566016552186305],[-95.61097563467403,29.566188272616888],[-95.61000060775622,29.566479451124113],[-95.60999126797222,29.56412180268861],[-95.60625800799198,29.56415788268225],[-95.60367583125048,29.564182776745156],[-95.60232826669615,29.56419574728402],[-95.5903091109269,29.564310806048162],[-95.58945461636064,29.564318986072426],[-95.58941607414337,29.564319354091456],[-95.58906285567535,29.564322718613543],[-95.58869674368803,29.553459275719455],[-95.58860650971437,29.551639494029896],[-95.59264912881721,29.551543596192673],[-95.59269126699057,29.551542595929547],[-95.59594959037504,29.55146521304317],[-95.59597619847378,29.551465356831095],[-95.59708693298322,29.54922289736345],[-95.59709051815952,29.549215659355504],[-95.59674342350678,29.54920022368846],[-95.59608248084999,29.549116437171016],[-95.59547478044173,29.548967039486236],[-95.5946071318448,29.54864958801448],[-95.59353233264163,29.548270257908747],[-95.5921563157473,29.547961602187467],[-95.59081293464725,29.54797790705292],[-95.58862991801406,29.548301523390876],[-95.58551557750162,29.549047659591437],[-95.58537761603692,29.54910923354034],[-95.5851011271689,29.54798932530243],[-95.58509929909728,29.547958515328506],[-95.58486163451751,29.54698069448387],[-95.58471739023571,29.546764760517135],[-95.58412634549116,29.545879289668402],[-95.58348727142162,29.545207396484027],[-95.58297009244794,29.544847116770402],[-95.58245034249589,29.544563893423454],[-95.58179969183729,29.544238760708183],[-95.5805800869053,29.543783387461957],[-95.57910127130141,29.543167119138793],[-95.57797497617459,29.542559857261224],[-95.57724396762056,29.54200126695816],[-95.5765634794198,29.54125115152967],[-95.5761007302675,29.5405837362903],[-95.57568979234752,29.53968626691389],[-95.57515829243157,29.538438644096495],[-95.57475511685395,29.537309992284058],[-95.5745610520065,29.53685871373236],[-95.57458208426225,29.536851519388637],[-95.57457812089521,29.536845318418763],[-95.57321257206888,29.534218992966903],[-95.57228714473118,29.532594714237952],[-95.5714305031914,29.53173832878551],[-95.57057956954694,29.53114533774545],[-95.56957377892391,29.53065689862912],[-95.5684596029686,29.5302022247302],[-95.5684566520029,29.53019582794747],[-95.56887522200952,29.52962600304756],[-95.56912160024756,29.528831248322714],[-95.56882223128923,29.52829771175668],[-95.5687146544407,29.527850566158573],[-95.56860129962826,29.527333415468792],[-95.5660364801347,29.52490186305323],[-95.56422263425236,29.522921241627966],[-95.56381392954417,29.522402693889596],[-95.56343690751773,29.52170475526906],[-95.5634177446561,29.521669281561522],[-95.56255547337443,29.52168138753914],[-95.56211764887802,29.521840343339115],[-95.56196514279054,29.522088587477565],[-95.56206892874856,29.524568980232633],[-95.56225893770252,29.52910989474832],[-95.56225930331684,29.52911861850904],[-95.5622639682681,29.52923008029392],[-95.56261298262059,29.53756979217372],[-95.5626446617091,29.53832669382657],[-95.56268285088846,29.539634864538904],[-95.55237742016986,29.539699410974507],[-95.55180899500415,29.539829815938038],[-95.55143164149939,29.540197249023116],[-95.55111080639904,29.54085626527856],[-95.55089528259607,29.541343921271594],[-95.55087181321095,29.542039618940382],[-95.55137161517379,29.54591119281186],[-95.55135107968638,29.54651992955598],[-95.55110141720769,29.54703571689495],[-95.55072892538523,29.547258210099216],[-95.54981645175391,29.547656478620123],[-95.54982708421362,29.547673750232395],[-95.55051407711537,29.54884980012097],[-95.55125524920852,29.550073535514954],[-95.55141454386458,29.550360149828364],[-95.55154757178175,29.550599502810208],[-95.55187543530089,29.551130465578485],[-95.55230381131716,29.55176589114286],[-95.55257733664308,29.55215672671416],[-95.55292789789449,29.55254625810038],[-95.55422906626104,29.554010215735328],[-95.55500326671223,29.55489493941056],[-95.55503944995358,29.554936287970584],[-95.55600595275766,29.556040737739107],[-95.55707660354084,29.557256264846146],[-95.55735875808335,29.557577929987453],[-95.558125620197,29.55845220398923],[-95.55836636330326,29.55872666564751],[-95.5590565649872,29.559513536305133],[-95.55924457159637,29.559727875557996],[-95.55960566289956,29.560139540297715],[-95.56001426070821,29.560605332291026],[-95.5604188277762,29.561066529955276],[-95.56132668496527,29.562101460314075],[-95.56152252039216,29.56232470328206],[-95.56190262453833,29.562758025580816],[-95.56357823856307,29.564689239106922],[-95.56473086510749,29.566021139454623],[-95.5647389409619,29.566030274923424],[-95.56475641229586,29.56605003900581],[-95.56604477248307,29.567507401857505],[-95.56742239736178,29.569065679339708],[-95.56909518708326,29.570961479917624],[-95.56948298260488,29.571332508653963],[-95.56988010713074,29.571643432191518],[-95.57037225904061,29.571982847912956],[-95.57194186826857,29.573073605942426],[-95.57246564985961,29.573437584404143],[-95.57286258933252,29.573710688879014],[-95.57361386028609,29.57422757183119],[-95.57540686255888,29.575412997253625],[-95.5761138366875,29.57587459996598],[-95.57672639698141,29.57627455180553],[-95.57706698962814,29.5765365476521],[-95.57744189881701,29.576833769834966],[-95.5776952569648,29.577034627656076],[-95.57900806839575,29.577914839501783],[-95.57954969142662,29.57827797863652],[-95.57982683696314,29.57846955861706],[-95.58031002817805,29.57882447784554],[-95.58107019065632,29.579366413996254],[-95.58162556509757,29.579745250000837],[-95.58288401497909,29.580612272912564],[-95.58292397114461,29.58064006206545],[-95.58292424063919,29.580640249560737],[-95.5838548692224,29.581287468022683],[-95.58927771292836,29.585017723310088],[-95.58979737664212,29.585376323934625]]]},"properties":{"OID":5,"uid":"b9491739-64b3-4915-964e-90ddbcd3e6ba","name":"FIRST COLONY MS","address":"3225 Austin Pkwy","city":"Sugar Land","state":"TX","zip":"77479","lat":29.574698999827536,"lng":-95.60404940015296,"phone":"(281) 634-3240","fax":"","website":"https://www.fortbendisd.com/fcms","email":null,"enroll_url":"https://www.fortbendisd.com/newstudent","bus_url":null,"fill_color":"#0080cc","zone_searchable":true,"ne_x":-95.54981645175391,"ne_y":29.596206633162918,"sw_x":-95.62538637971579,"sw_y":29.521669281561522,"schools":[{"code":"045","fax":"","lat":29.574698999827536,"lng":-95.60404940015296,"zip":"77479","city":"Sugar Land","name":"FIRST COLONY MS","email":null,"phone":"(281) 634-3240","state":"TX","address":"3225 Austin Pkwy","website":"https://www.fortbendisd.com/fcms","enroll_url":"https://www.fortbendisd.com/newstudent","bus_url":null,"fill_color":"#0080cc"}]}},{"type":"Feature","id":6,"geometry":{"type":"Polygon","coordinates":[[[-95.42653761439844,29.572089260571516],[-95.42569481949043,29.57517861257997],[-95.42563371159325,29.575402124305636],[-95.4254542946748,29.576058369504707],[-95.42491932726186,29.57801470215191],[-95.42468810270437,29.57886751347207],[-95.42461728491725,29.579119734718],[-95.42449173637314,29.57957892051629],[-95.42419646373251,29.580674956499568],[-95.42954349142514,29.5831384460277],[-95.4306574293269,29.583651627002695],[-95.43097746492666,29.583753941652535],[-95.43102069994296,29.583773378065068],[-95.431223445211,29.583864526040543],[-95.43257724407341,29.5844721567951],[-95.4387514261066,29.587495440663037],[-95.43972548913212,29.5879899544335],[-95.44020601235064,29.588233891992655],[-95.4405748615046,29.588421166013575],[-95.44110606856977,29.588690813120994],[-95.44147383255888,29.58887753713368],[-95.44299819634094,29.58965135243693],[-95.44343899965084,29.589875129736434],[-95.44347794790663,29.5898948961814],[-95.44633436233804,29.591344847785223],[-95.4470281680629,29.591697004133355],[-95.4483152688121,29.59227286639926],[-95.44836862245175,29.592296754451525],[-95.44852271496401,29.59236569317817],[-95.44863965585108,29.592418002965815],[-95.4487560128332,29.59247007135433],[-95.44887231950965,29.59252209362884],[-95.44914150058287,29.592642525583486],[-95.44983411065007,29.59295239534614],[-95.450028151243,29.5930392083268],[-95.45019953991776,29.593115884458726],[-95.45053071193209,29.593264059200095],[-95.45075753923628,29.593365534541615],[-95.45093763887434,29.59344609186722],[-95.45126751821296,29.593593666996718],[-95.45136935123357,29.59363924046527],[-95.45148835195756,29.59369247991763],[-95.45158127458889,29.593734029745587],[-95.45177237230097,29.593819521946596],[-95.45196346821639,29.59390501329402],[-95.45213572286707,29.593982092610638],[-95.45248881736758,29.594140040309394],[-95.45260030188761,29.594189924563253],[-95.45279140139631,29.594275415596794],[-95.45298250090502,29.594360904995593],[-95.45313619366698,29.594429647030783],[-95.45323729186569,29.59447488345752],[-95.4533965478942,29.59454611563464],[-95.45355580122776,29.594617372757398],[-95.45371505725629,29.594688606396176],[-95.45375413936102,29.594706096490917],[-95.45410726350597,29.594864061803037],[-95.45424528964935,29.594925807004923],[-95.45440617073024,29.594997759055637],[-95.45456705270941,29.5950697337075],[-95.45472521638654,29.595140485076914],[-95.454727317546,29.595141424762136],[-95.45477220007253,29.595161496373628],[-95.4549342741161,29.595233998163],[-95.45509634905797,29.5953065233337],[-95.4552584509493,29.595379022675512],[-95.45534317286037,29.595416927121278],[-95.45560375885294,29.595533487537953],[-95.45569665633143,29.595575056916623],[-95.45578785509569,29.595615835009156],[-95.45601365023562,29.595716824475698],[-95.45625526919926,29.595824920406628],[-95.45639494464955,29.595887408639395],[-95.45674708783416,29.596044914370523],[-95.45712710574207,29.59621521521769],[-95.45731056597761,29.596297340297383],[-95.4575928642506,29.596423804931312],[-95.45770191164124,29.596472655431214],[-95.45781601654696,29.59652377190035],[-95.45804341517965,29.596625656387307],[-95.45821754281769,29.59670369751014],[-95.45846930106596,29.596816417307803],[-95.45863732016008,29.59689168614269],[-95.4586604553719,29.59690205686863],[-95.45885163662729,29.596987698700065],[-95.45904281788269,29.597073338896593],[-95.45924992267483,29.597166117516718],[-95.45930058855515,29.59718880463716],[-95.45955686173603,29.59730359771715],[-95.45979309619788,29.59740943222355],[-95.45999979764645,29.597502018383974],[-95.4601678194355,29.59757728514505],[-95.46034986033287,29.59765882797831],[-95.46051788122362,29.597734093060204],[-95.4606859048093,29.597809358867],[-95.460853928395,29.59788462461764],[-95.46102195108237,29.59795989031211],[-95.46118997466806,29.59803515516937],[-95.46135799825375,29.598110421532624],[-95.46152602183943,29.598185684715347],[-95.46169404632343,29.598260949404064],[-95.46186206990913,29.598336214036674],[-95.46203009439313,29.598411478613066],[-95.46222643736814,29.59849941479299],[-95.46242831576194,29.598589864448705],[-95.46261856276944,29.598675068998435],[-95.46268418919253,29.598704460661573],[-95.46385194336632,29.599227514294064],[-95.46405537494725,29.599318631906375],[-95.46431112441033,29.59943317730179],[-95.46454135093954,29.59953629608743],[-95.4647970509953,29.59965083967345],[-95.46500610243665,29.59974666605015],[-95.46518975670827,29.59983085109186],[-95.46549597172738,29.599968072246824],[-95.46566427918069,29.600043519940485],[-95.46583261268516,29.600118943364247],[-95.46599982958371,29.60019388871119],[-95.46616425272174,29.600267565530956],[-95.46632829407578,29.600341072802976],[-95.46649231027698,29.600414580021408],[-95.46665632827482,29.600488085624157],[-95.46682029506867,29.600561569303178],[-95.46698657143114,29.60063608238635],[-95.46715457705052,29.60071138351929],[-95.46732258356822,29.600786664288023],[-95.46749061434043,29.600861966089578],[-95.46765862085812,29.6009372451838],[-95.46782662557919,29.60101254609182],[-95.4679946329952,29.601087823511484],[-95.46833067208173,29.60123842738972],[-95.46853322061874,29.6013291768634],[-95.4687013367309,29.601404322045916],[-95.46890741834191,29.601496584300975],[-95.46907548145349,29.6015717957496],[-95.46924354366672,29.601647007142116],[-95.46941160498166,29.60172223878636],[-95.46957966809322,29.60179745006669],[-95.46974770605193,29.601872680817564],[-95.46991576916349,29.601947891204684],[-95.47008383317338,29.60202309997356],[-95.47025189538662,29.60209833289935],[-95.47041996029482,29.60217354233705],[-95.47058799735522,29.602248772807435],[-95.47075606316173,29.60232398057085],[-95.47092412717161,29.602399189840334],[-95.47109219207981,29.602474420142332],[-95.47126023183517,29.60254962773747],[-95.47142829674334,29.602624858708374],[-95.47164187838868,29.602720447941454],[-95.47180994419519,29.602795655353113],[-95.47217406641413,29.602958617700455],[-95.4726782665286,29.603184282973515],[-95.47284630897892,29.60325948769613],[-95.47301437658204,29.603334693924722],[-95.47318244418517,29.603409921966783],[-95.47335051268662,29.60348512652112],[-95.47351857939145,29.603560355232027],[-95.47371464029548,29.603648085411177],[-95.47388270879694,29.603723314000508],[-95.47407879395546,29.603811067469408],[-95.4742468382024,29.603886270162537],[-95.47441490760215,29.60396149701205],[-95.47458297790024,29.60403670193606],[-95.4747510473,29.60411190446091],[-95.47494164824374,29.604197213692252],[-95.47517888342881,29.604303383063698],[-95.47543984132389,29.60442016205758],[-95.4757500763039,29.604558998418288],[-95.47591845023254,29.60463368975037],[-95.47649506444037,29.604891539611867],[-95.47650287978334,29.604895023843326],[-95.47684416143788,29.605047129446067],[-95.47703475699171,29.605132661263912],[-95.47714138072773,29.605182802510864],[-95.4777455561468,29.605450096065717],[-95.47776823950603,29.60546097046244],[-95.47811209483386,29.605621309685446],[-95.47871520035942,29.605901822656172],[-95.48030936952723,29.606638017974618],[-95.48294671540359,29.60786368272983],[-95.48339523703842,29.60807098232185],[-95.48395972578655,29.608332221594523],[-95.48425136564018,29.608467189668634],[-95.48454163466467,29.608601535094017],[-95.48485830876862,29.608748068827282],[-95.48494455512073,29.608787998100183],[-95.48524975414524,29.608929226151957],[-95.48559463714575,29.609088828053274],[-95.48576705349318,29.60916861758457],[-95.48593949679007,29.60924842735894],[-95.48628438338383,29.609408028754952],[-95.48645682578241,29.609487818033635],[-95.48697413321518,29.60972720423482],[-95.48731902070726,29.60988680096794],[-95.48766388484317,29.610046398229333],[-95.48802746358137,29.610214620618716],[-95.48819320275128,29.610293689957235],[-95.48838505774314,29.61038288802542],[-95.48855175361885,29.610460427253848],[-95.48871844859623,29.61053794299267],[-95.48888514537025,29.61061545945291],[-95.48905184124594,29.610692975072475],[-95.48921853712164,29.61077051250044],[-95.48938523299734,29.610848026438827],[-95.48955192977135,29.610925541879634],[-95.489718628342,29.611003057260834],[-95.48988532421768,29.611080593669307],[-95.49005202278833,29.611158108150285],[-95.4902187222573,29.61123562257166],[-95.4903854190313,29.61131313615249],[-95.49055211760195,29.611390672322482],[-95.49071881527428,29.611468185003023],[-95.4910522151105,29.611623211747396],[-95.49121891368115,29.611700746897895],[-95.49154863132304,29.611854053547365],[-95.49242357064682,29.612260910386304],[-95.49256799638832,29.61232758154419],[-95.49275784903541,29.612415211158105],[-95.49284895527322,29.612457267941284],[-95.49309941725254,29.61258115224794],[-95.49320855716965,29.612632856442044],[-95.49353967887832,29.612789753408062],[-95.49367492653255,29.61285358456927],[-95.49453631656692,29.613260124202025],[-95.4949277179261,29.61343832835662],[-95.49501490032274,29.61347786137891],[-95.49631171904667,29.611247238288183],[-95.49716217119415,29.609744050516543],[-95.49741134858262,29.60931017312676],[-95.49764607207813,29.608901462754048],[-95.4979459369065,29.60837453547317],[-95.49815332736289,29.608010101163707],[-95.49842421613344,29.607510207443095],[-95.4986806761639,29.607038991306307],[-95.49972339562993,29.605297720050107],[-95.5005502077124,29.603916951383056],[-95.50058486561437,29.603859072418796],[-95.50232475589432,29.60102405832231],[-95.50300251860651,29.599917765942216],[-95.50473146650799,29.597092359540046],[-95.50495628607752,29.59672495140519],[-95.50507474871067,29.596528538999316],[-95.50508636662221,29.59650927766847],[-95.5056692672404,29.595509110492742],[-95.50586089675512,29.594684190715004],[-95.506212066166,29.591751890482076],[-95.50622278396565,29.59161206474714],[-95.5081263257308,29.59157563445618],[-95.50812754833791,29.591573769079982],[-95.51017327903949,29.58844956623479],[-95.51036730705601,29.58803536482449],[-95.51111377112453,29.58644182838711],[-95.51157364566791,29.58526833086348],[-95.51184281506302,29.584005178870044],[-95.51190345673457,29.582228523135594],[-95.51323011030574,29.582150206764382],[-95.5131678004627,29.58009263364172],[-95.51316858559024,29.580092621141972],[-95.51557879514195,29.5800538742368],[-95.52022513870958,29.579985482557518],[-95.52003429522073,29.571996690159192],[-95.51672984154979,29.57205501477136],[-95.5126725143308,29.567566142387122],[-95.51077181214026,29.56598297471974],[-95.51444965594894,29.562485896328244],[-95.50673281953621,29.558757506719942],[-95.50671259396758,29.558383401507573],[-95.50666702333154,29.557540457516758],[-95.50656981124476,29.556719005581094],[-95.50638372972523,29.555879582075775],[-95.5062436338634,29.555265648956254],[-95.506029160191,29.5545806572939],[-95.50587994283579,29.55414643877842],[-95.50567401753165,29.553625977211816],[-95.50540416901019,29.553023101119248],[-95.50538488218105,29.552980010718148],[-95.49541680658086,29.553202035255147],[-95.48783906530672,29.553370820494813],[-95.4876237732691,29.553375233294506],[-95.4789593193345,29.553552655501843],[-95.47605759118521,29.553612075402825],[-95.47514662492695,29.55363072914511],[-95.47385632887028,29.553657151171535],[-95.47283047976529,29.553678060920046],[-95.47224123075297,29.553690070856234],[-95.47033463202092,29.553728932590097],[-95.46713771387601,29.55379409439517],[-95.4624954100322,29.553888715572246],[-95.4569172062911,29.554000964308248],[-95.45023680832395,29.554319712561025],[-95.44393600515819,29.55440466925901],[-95.44245733597973,29.55442268754974],[-95.44245606396528,29.55442270161549],[-95.44210052335224,29.55442703153737],[-95.4393479146418,29.554527176849597],[-95.43794383617463,29.55458134104695],[-95.43730451955994,29.554612415470054],[-95.43685023972414,29.554655901360878],[-95.43631055435932,29.554730962516985],[-95.4360286827861,29.554770164554213],[-95.43548427407953,29.554802699412637],[-95.43497768175146,29.554817436406765],[-95.43123048800283,29.55490800647633],[-95.43118774885656,29.555059527896454],[-95.4305799765831,29.557256591476108],[-95.43053523419375,29.55742108000156],[-95.43046438586391,29.557681075128144],[-95.43042673477541,29.5578192443957],[-95.43038283410748,29.55798034695528],[-95.43033324800211,29.558162318226902],[-95.430252409508,29.558458971712902],[-95.43019255745558,29.558678607190924],[-95.43017188272931,29.5587544748888],[-95.43011064816965,29.55897952325029],[-95.43005986999991,29.55916228896544],[-95.42997429379099,29.559479436268322],[-95.429928803105,29.559646493520198],[-95.42988398885043,29.55981093986642],[-95.42983954739668,29.559974023200215],[-95.42979930826185,29.56012168868108],[-95.42975933053675,29.56026839049457],[-95.4296863936239,29.560536035095666],[-95.42962799324896,29.560750337016795],[-95.42958847456299,29.56089682459974],[-95.42952965197988,29.561111141383158],[-95.42946272030467,29.561356808231917],[-95.42941889150197,29.561517634793372],[-95.42937526841345,29.561677707851178],[-95.42933172168175,29.561837498578605],[-95.42928724429538,29.562000709130313],[-95.42926586708657,29.562079153649183],[-95.42922219099746,29.5622394180349],[-95.42917865594384,29.562399164898313],[-95.42913450464596,29.562561176701827],[-95.42909164332879,29.562718449241697],[-95.42903059741535,29.56294244642844],[-95.4282330434617,29.565868875789143],[-95.42817553062228,29.56608229207349],[-95.42816746554766,29.566111712762925],[-95.42811894214925,29.56628872271389],[-95.42806876046086,29.566476500002715],[-95.42801804157993,29.566656788592834],[-95.42799674521949,29.566734478629794],[-95.42794829548295,29.56691121480281],[-95.42790026076807,29.567086435657338],[-95.42785416821086,29.56725900904824],[-95.42780656738225,29.56743365892651],[-95.42775913633525,29.567607681874993],[-95.42771167115228,29.567781834224427],[-95.42766376489648,29.56795759893579],[-95.42761647308835,29.568131110774782],[-95.42756866205397,29.56830652796957],[-95.42752144031445,29.568479784497242],[-95.42747454556167,29.568651839052563],[-95.42742671296773,29.5688273366003],[-95.42737913998691,29.569001878288077],[-95.42731860431654,29.56922397621739],[-95.42723674803122,29.56952429909526],[-95.42721934586754,29.569588142789186],[-95.42700431254474,29.57037706493696],[-95.42693494913007,29.570631545060277],[-95.42691229361859,29.570714666031755],[-95.42681141820208,29.57108475342187],[-95.42675090858286,29.571306746763444],[-95.42656066876188,29.572004680486927],[-95.42653761439844,29.572089260571516]]]},"properties":{"OID":6,"uid":"9550685c-47c0-46eb-8c43-6181a2dbb1c9","name":"MCAULIFFE MS","address":"16650 S Post Oak Rd","city":"Houston","state":"TX","zip":"77053","lat":29.58672649981596,"lng":-95.47372869982797,"phone":"(281) 634-3360","fax":"","website":"https://www.fortbendisd.com/cmms","email":null,"enroll_url":"https://www.fortbendisd.com/newstudent","bus_url":null,"fill_color":"#8e4ed6","zone_searchable":true,"ne_x":-95.42419646373251,"ne_y":29.61347786137891,"sw_x":-95.52022513870958,"sw_y":29.552980010718148,"schools":[{"code":"046","fax":"","lat":29.58672649981596,"lng":-95.47372869982797,"zip":"77053","city":"Houston","name":"MCAULIFFE MS","email":null,"phone":"(281) 634-3360","state":"TX","address":"16650 S Post Oak Rd","website":"https://www.fortbendisd.com/cmms","enroll_url":"https://www.fortbendisd.com/newstudent","bus_url":null,"fill_color":"#8e4ed6"}]}},{"type":"Feature","id":7,"geometry":{"type":"Polygon","coordinates":[[[-95.6631515497686,29.69701345751525],[-95.66318895831198,29.697034741744],[-95.66334116705708,29.697121334704754],[-95.66356385402614,29.697248025448236],[-95.66375701876167,29.697357908602722],[-95.6639802285502,29.697484908056424],[-95.66412591193311,29.697567776143426],[-95.66412976390905,29.697569967292797],[-95.66430686047909,29.69767072889929],[-95.66453709060157,29.697801714622894],[-95.66471069182687,29.69790047447291],[-95.66484950938604,29.69797944529577],[-95.66497110713952,29.698048514575035],[-95.66523043189741,29.698195808474047],[-95.66547727995435,29.69833614484309],[-95.66557910578842,29.698398180876527],[-95.66575052500589,29.698495823507017],[-95.66605264909721,29.698662845465183],[-95.66609547627837,29.6986871686721],[-95.66631838872453,29.698813780189806],[-95.66643990113809,29.69888551522714],[-95.66657790123035,29.698963910965304],[-95.66687140329154,29.699142888080637],[-95.66716686098512,29.699313371199818],[-95.66741613718827,29.699454598681303],[-95.66770760815861,29.699620766168852],[-95.6679003938051,29.699713352781078],[-95.6680784327079,29.699814862112156],[-95.66826226484595,29.699919670472703],[-95.66844615447619,29.700024517739166],[-95.6685299969366,29.700071662962333],[-95.66980073666952,29.70078904028185],[-95.67018908285843,29.701008271243033],[-95.67034448421606,29.70109599767049],[-95.67031426039831,29.697181046114334],[-95.67073906471303,29.697151385885913],[-95.67121016550253,29.69711483145658],[-95.67208106779744,29.696967543775873],[-95.67267263356487,29.696909843927504],[-95.67538982619523,29.696937107057316],[-95.6757940285472,29.696590003741196],[-95.67579654742327,29.696184010511605],[-95.6763581921052,29.69619137843065],[-95.67656763700866,29.696194125208258],[-95.67675808973036,29.69615754233857],[-95.67910232970252,29.696091765554662],[-95.67955213323329,29.696082263411007],[-95.6796763666438,29.695899450169502],[-95.67965235647289,29.6956031542825],[-95.67972920824376,29.68991080075521],[-95.68002224946923,29.689628896247463],[-95.68093857238154,29.689093924944267],[-95.68163142229892,29.688883891429157],[-95.6823407760647,29.688808688212866],[-95.68172529444946,29.688103115483017],[-95.68149798924156,29.687849152788903],[-95.68149660763265,29.687846706236993],[-95.681748246405,29.687765348010405],[-95.68213421565166,29.68759899312894],[-95.68256650742426,29.687384918684796],[-95.6837102837665,29.686631389215133],[-95.68476235379633,29.68594399343484],[-95.68527513821167,29.685663488792503],[-95.68574128389403,29.685440469757058],[-95.68630617778236,29.68527853132249],[-95.68680143337154,29.685193055082152],[-95.68723546158759,29.685145905999114],[-95.68791106654648,29.68511596672964],[-95.6879107970519,29.685101858285826],[-95.68790282001217,29.68510202919793],[-95.68790270951938,29.685099352354985],[-95.68783551104454,29.68346543002992],[-95.68775350833384,29.68147145136688],[-95.68772667835125,29.68001223398908],[-95.68772469576942,29.67918287221143],[-95.68774041988014,29.678772994499823],[-95.68776553497887,29.67811836083197],[-95.68789184439602,29.676582540765228],[-95.68789974507895,29.67648648620778],[-95.68798414718978,29.675150974937125],[-95.68801182967357,29.67443445577986],[-95.68801460097622,29.673745937738545],[-95.68796753105197,29.66925186808519],[-95.687949595289,29.668334860082915],[-95.6804079195769,29.668377987067736],[-95.67964654976288,29.668355480672403],[-95.67956443476277,29.667914826074306],[-95.67949145113751,29.667310417814885],[-95.67949131728855,29.667308440659532],[-95.6790867762717,29.667156826367112],[-95.67819129966387,29.66721424512236],[-95.67764411426475,29.667216593825966],[-95.6770458874895,29.667106184404368],[-95.67646329589176,29.66707579562387],[-95.67580729756226,29.667059509225773],[-95.67502115131441,29.667119620188906],[-95.6740725600188,29.667127912080186],[-95.6725033774906,29.667152628515527],[-95.66750271232377,29.667267148310543],[-95.66667232314987,29.66756501625074],[-95.66608141764416,29.66778920752447],[-95.66536607121712,29.6679147347495],[-95.66441851208575,29.667891129230128],[-95.663848080982,29.668147813392828],[-95.66178258105599,29.668258844551087],[-95.6577265995133,29.668676243553485],[-95.6577267001246,29.668673827756855],[-95.65774570128949,29.668220847301086],[-95.65778147040749,29.667368075333357],[-95.6578308957144,29.666189750070764],[-95.65788928441124,29.664452885030503],[-95.65789013242087,29.664396263233762],[-95.65789069566456,29.66435869540573],[-95.65789134065493,29.664315747792553],[-95.65789242941307,29.66424326916543],[-95.65789342294974,29.66417607659498],[-95.65789354512064,29.664167907011972],[-95.65789776989743,29.664095429839467],[-95.65790109546059,29.66403814590611],[-95.65790410751174,29.66398636818388],[-95.65791061311104,29.663874362041838],[-95.6579134374143,29.66382576356133],[-95.65791822633308,29.663743381281375],[-95.6579198019781,29.663716262923717],[-95.65792469689805,29.66363204695445],[-95.6579269911953,29.663592582013116],[-95.65793045779398,29.663532932611528],[-95.65793319046908,29.66348591465777],[-95.65795479315503,29.663114104079476],[-95.65796850144626,29.662865538511895],[-95.65797594668335,29.662620455345895],[-95.65798314039213,29.66238359361143],[-95.65801768600468,29.66190836659376],[-95.6580481370962,29.66153932601135],[-95.65806223345965,29.66132619837747],[-95.65808900684836,29.660889812578674],[-95.65810500584357,29.660697379105624],[-95.65813586117696,29.659950072532975],[-95.65816435843271,29.659312869379814],[-95.65817857067883,29.658995082041297],[-95.65817769661804,29.65804405277314],[-95.65817607336234,29.65773829878951],[-95.65817282505425,29.657126820041263],[-95.65821264018427,29.656919473843775],[-95.65837935133135,29.65653724552686],[-95.65879521112076,29.6557673652767],[-95.65890836201562,29.655558017033478],[-95.65191875943611,29.655637217063354],[-95.65198954847713,29.659668265900425],[-95.65204707029972,29.66294345730146],[-95.65204710802897,29.662945599247713],[-95.65214011600021,29.668240966019365],[-95.65198324140553,29.66823916372584],[-95.64868779783686,29.668262540461946],[-95.64758374679312,29.668268354008518],[-95.64445692598646,29.668284805687737],[-95.64325928396482,29.668300515840762],[-95.64325671747807,29.668300550185002],[-95.64339620607876,29.672444635342355],[-95.64344082090733,29.674055654091415],[-95.64344024059567,29.674055659554934],[-95.63415746726785,29.674152210494697],[-95.63416608121314,29.675331420431107],[-95.63420145417408,29.680173648634923],[-95.63420227613254,29.680678560590007],[-95.63423207055557,29.68069851760311],[-95.63437725357687,29.680781841270488],[-95.63438188079888,29.680784497156083],[-95.63459081545923,29.680904409968495],[-95.63467925909053,29.680955803582897],[-95.63492177277621,29.681096689273417],[-95.63510069562125,29.681201031718107],[-95.63510118340643,29.68120095913616],[-95.63529301683874,29.68131244883478],[-95.63541201037621,29.68138160527392],[-95.63574555304457,29.681575456268945],[-95.6360351716888,29.68174377613915],[-95.63612690674731,29.68179709000287],[-95.63621132053625,29.681846148066597],[-95.63649891078455,29.682008431524515],[-95.63666819560491,29.68210253906168],[-95.63696857426962,29.682269537540332],[-95.63715350594558,29.682372353784242],[-95.6374146884195,29.682517561131245],[-95.63769950736517,29.682675894481427],[-95.63778578785323,29.682723861842856],[-95.63793797953036,29.68280848638324],[-95.63821434712584,29.682962132749413],[-95.63829650255015,29.683003780776342],[-95.63845420000166,29.683092642069703],[-95.6386745953684,29.683216712629513],[-95.63883334834036,29.6833060833584],[-95.63912210280529,29.68346863526974],[-95.63934800484473,29.683595804462378],[-95.6395633992903,29.683717057824175],[-95.63969364153176,29.683790382451214],[-95.64017942258964,29.68406388563205],[-95.64022814182076,29.68409126931155],[-95.64042416499554,29.68420160779542],[-95.64062030674793,29.684312021079126],[-95.64076704924453,29.68439312221925],[-95.64088188448058,29.684457921763844],[-95.64105424333582,29.684555177583274],[-95.64114427249359,29.684605978549747],[-95.64138525275507,29.68474195572394],[-95.64163618096002,29.684883550194467],[-95.64181872401566,29.68498655652873],[-95.64193216326973,29.6850506119495],[-95.64222935201686,29.68521843979903],[-95.64253680850769,29.68539206821857],[-95.64274118870955,29.685507474866807],[-95.64288613637223,29.68558933985088],[-95.64341155559201,29.68588604064525],[-95.64364922286673,29.686020253913867],[-95.6439690644304,29.68620086953922],[-95.64451730624829,29.68651045933712],[-95.64533201083732,29.68696016553694],[-95.64542691515214,29.68701409003285],[-95.64549447295309,29.687052476627017],[-95.64565344780893,29.687142805404132],[-95.6458120265077,29.68723291168485],[-95.64591682037549,29.687292452599713],[-95.64614445257017,29.68742179271704],[-95.64628645375872,29.68750247695437],[-95.64644603318074,29.687593147923206],[-95.64660473494872,29.6876833185734],[-95.64664329782724,29.687705229879356],[-95.64675046234905,29.687766120606383],[-95.64692622312428,29.68786598287963],[-95.6471305422407,29.687982072657274],[-95.6474161912297,29.688144371181238],[-95.64751250769615,29.688199097289505],[-95.64888081345208,29.68897619216799],[-95.64907278073335,29.689084646891033],[-95.649303102484,29.68921476977294],[-95.64982582675793,29.689510087945013],[-95.65006345810004,29.68964433695407],[-95.65031878445663,29.689788584848014],[-95.65100424573079,29.69017484310711],[-95.6512746673774,29.690328560932695],[-95.65134767974874,29.690370066999602],[-95.65145191755937,29.690429325119226],[-95.65211254221258,29.69082044734205],[-95.65230469993668,29.690937661349146],[-95.65261205491788,29.69110441805918],[-95.65290341000555,29.6912652818976],[-95.65401823813778,29.691896512554607],[-95.65420898191364,29.692001838755687],[-95.65426338029397,29.69203415999456],[-95.65431513762739,29.69206491034513],[-95.65459351116088,29.69221953596581],[-95.65489771575038,29.692388506002217],[-95.654993160851,29.692442320675504],[-95.65517852820989,29.69254675278904],[-95.65536643869933,29.692650726721496],[-95.65545316654844,29.692698710392094],[-95.65574399163009,29.692859615378392],[-95.6559451765245,29.692971089803535],[-95.65615946783889,29.693089830024533],[-95.65637246288432,29.693207863101048],[-95.65653579726424,29.69330003891295],[-95.65683846932785,29.693470588913303],[-95.65701739037627,29.6935712477226],[-95.65702586238771,29.69357601491057],[-95.65722103036634,29.693685808438733],[-95.6573013550241,29.69373099872931],[-95.6573611109568,29.693764617920028],[-95.6576027038693,29.69390047267261],[-95.65765308767865,29.693928499023148],[-95.65788168466395,29.694055615962824],[-95.6581360525181,29.69419706309091],[-95.65819914209882,29.694228774950798],[-95.65837885995289,29.694328968692837],[-95.65857451930998,29.694438067668706],[-95.65871693911343,29.694517461040224],[-95.65886210237177,29.694598403337714],[-95.65887449463112,29.694605300823934],[-95.65907111698218,29.694714939499146],[-95.65923383691444,29.69480564375783],[-95.65953481385712,29.694973435027535],[-95.65976264368115,29.695100462466502],[-95.65986141344663,29.695155529697846],[-95.66002411631092,29.695246246044228],[-95.66008888933447,29.695288108256594],[-95.66029911397557,29.695423975775668],[-95.6603292434702,29.69543873279401],[-95.6606516092998,29.695596223310204],[-95.66080529577356,29.69568175625044],[-95.66108119355013,29.695835560072286],[-95.66143129845739,29.69603475736115],[-95.66180368068538,29.6962466120556],[-95.66204486306782,29.696383838398955],[-95.6621952491312,29.69646939407867],[-95.6622543582769,29.696503021717067],[-95.66251750446803,29.696652736127767],[-95.6626003803412,29.69669988215306],[-95.66280676019288,29.696817299990446],[-95.66288479324835,29.69686169605792],[-95.6631515497686,29.69701345751525]]]},"properties":{"OID":7,"uid":"5cb11547-1431-4ec9-8280-ff56cc88c3e9","name":"HODGES BEND MS","address":"16510 Bissonnet St","city":"Houston","state":"TX","zip":"77083","lat":29.678902899712632,"lng":-95.67640230028398,"phone":"(281) 634-3000","fax":"","website":"https://www.fortbendisd.com/hbms","email":null,"enroll_url":"https://www.fortbendisd.com/newstudent","bus_url":null,"fill_color":"#b4b4b4","zone_searchable":true,"ne_x":-95.63415746726785,"ne_y":29.70109599767049,"sw_x":-95.68801460097622,"sw_y":29.655558017033478,"schools":[{"code":"047","fax":"","lat":29.678902899712632,"lng":-95.67640230028398,"zip":"77083","city":"Houston","name":"HODGES BEND MS","email":null,"phone":"(281) 634-3000","state":"TX","address":"16510 Bissonnet St","website":"https://www.fortbendisd.com/hbms","enroll_url":"https://www.fortbendisd.com/newstudent","bus_url":null,"fill_color":"#b4b4b4"}]}},{"type":"Feature","id":8,"geometry":{"type":"Polygon","coordinates":[[[-95.50540416901019,29.553023101119248],[-95.50567401753165,29.553625977211816],[-95.50587994283579,29.55414643877842],[-95.506029160191,29.5545806572939],[-95.5062436338634,29.555265648956254],[-95.50638372972523,29.555879582075775],[-95.50656981124476,29.556719005581094],[-95.50666702333154,29.557540457516758],[-95.50671259396758,29.558383401507573],[-95.50673281953621,29.558757506719942],[-95.51444965594894,29.562485896328244],[-95.51077181214026,29.56598297471974],[-95.5126725143308,29.567566142387122],[-95.51672984154979,29.57205501477136],[-95.52003429522073,29.571996690159192],[-95.52205130408774,29.571936681816528],[-95.52862558856195,29.57174088057963],[-95.52840079414526,29.561448548414717],[-95.5308618707999,29.561409672459757],[-95.53764216861317,29.561302336677617],[-95.53859110935346,29.561287282607605],[-95.53943169350752,29.561273949134858],[-95.54010788326966,29.561263198122553],[-95.54076321235426,29.561252779195804],[-95.54394077539807,29.56120225902851],[-95.54476706286438,29.561189121671152],[-95.54660905116795,29.561159835508185],[-95.54732882988262,29.56114839296131],[-95.55122376056286,29.56108629579026],[-95.55158432814822,29.560980603693476],[-95.55182231522319,29.560830615632913],[-95.55216026053476,29.560617630516408],[-95.55264682761852,29.56019654886662],[-95.55316893564816,29.55980926925113],[-95.55354790073055,29.55958563784142],[-95.55419669546978,29.559290241022303],[-95.55444351118736,29.55921446515017],[-95.55435351975882,29.55909715718979],[-95.55514767628405,29.558560294507735],[-95.55707660354084,29.557256264846146],[-95.55600595275766,29.556040737739107],[-95.55503944995358,29.554936287970584],[-95.55500326671223,29.55489493941056],[-95.55422906626104,29.554010215735328],[-95.55292789789449,29.55254625810038],[-95.55257733664308,29.55215672671416],[-95.55230381131716,29.55176589114286],[-95.55187543530089,29.551130465578485],[-95.55154757178175,29.550599502810208],[-95.55141454386458,29.550360149828364],[-95.55125524920852,29.550073535514954],[-95.55051407711537,29.54884980012097],[-95.54982708421362,29.547673750232395],[-95.54805040073627,29.54478753697754],[-95.54717593392631,29.543397742399314],[-95.54656589969495,29.542419721911745],[-95.54596093465676,29.54165026198228],[-95.54535466616309,29.541118641377885],[-95.54448743079116,29.540606351719514],[-95.54368364342777,29.540314924364633],[-95.54270687916821,29.540116788327964],[-95.5416202922719,29.540080327734817],[-95.54109981109121,29.540092170473265],[-95.54046147004695,29.54010669156165],[-95.53901083010196,29.54012349788218],[-95.53800453103248,29.540039270083856],[-95.5371977522792,29.53990024572453],[-95.53445161503204,29.539104660450477],[-95.53322090871977,29.538748105760142],[-95.52391819099603,29.535984054412094],[-95.52022170534856,29.53487030971897],[-95.51595474188497,29.53361789961687],[-95.51593807094994,29.533613006055795],[-95.51213585449185,29.53247542137305],[-95.50635396045503,29.530721469554226],[-95.50632039400612,29.530711286653606],[-95.50584389524008,29.53052420810926],[-95.50427240673655,29.52980048269928],[-95.50281733180901,29.529047112725898],[-95.50089691608956,29.52804579743446],[-95.49953767613147,29.527338886967623],[-95.49382122705804,29.524346154919783],[-95.48945800821346,29.522092476351585],[-95.488768164059,29.521736404174828],[-95.48562468219875,29.52011381202109],[-95.48056699557094,29.5174992930677],[-95.48056072982183,29.517495994996533],[-95.48001546861406,29.51720904441248],[-95.47597474854973,29.51508249725254],[-95.472188557138,29.513128723660703],[-95.46909159722968,29.511491714552232],[-95.46808805688643,29.510969062590554],[-95.46696254598886,29.51038288024163],[-95.46449110277582,29.50907985375042],[-95.46275950394595,29.508167432211923],[-95.46128009635231,29.50738788609931],[-95.46090977396126,29.50833128135034],[-95.4598599533129,29.510928846033565],[-95.45918254723189,29.512552290601047],[-95.45867514103016,29.513754370715688],[-95.45763703710804,29.516343734276237],[-95.45713662518915,29.517599970567016],[-95.45653860682305,29.519094463460252],[-95.4555610978601,29.52153730231337],[-95.4545014074217,29.52417221771714],[-95.45441916665744,29.52437725348844],[-95.45123418712265,29.524386813257625],[-95.45164019419003,29.522931787229123],[-95.44945605017118,29.52294042006641],[-95.44879532670329,29.525255002249107],[-95.44833736557145,29.52526228652691],[-95.44844943489473,29.52484134836543],[-95.43948477656858,29.524976367872917],[-95.43939628442826,29.52531403466529],[-95.43927129643289,29.525519605902318],[-95.4388638367897,29.526774805148804],[-95.43872139093509,29.52728436190545],[-95.43847680124279,29.528159290311088],[-95.43840946083415,29.528400169235844],[-95.43833814897363,29.528655256885127],[-95.43822436746142,29.52906225914054],[-95.43819607681819,29.529216849674977],[-95.43811351805032,29.52950318545629],[-95.43802366406402,29.5298546648358],[-95.43793022579973,29.530220173081066],[-95.43783977982369,29.530573968247033],[-95.43783077780623,29.530609176990296],[-95.43774517285122,29.5309440377419],[-95.43765593241426,29.53129311725492],[-95.43756782295625,29.531637759929666],[-95.43747233563481,29.532011265382717],[-95.43738324521651,29.532359747193343],[-95.43729340919651,29.53271114395721],[-95.43727945836015,29.532771857934762],[-95.43718490708324,29.53315950924504],[-95.43711116887314,29.533428702853666],[-95.43703441951021,29.53371024804906],[-95.43695667211901,29.53399521192237],[-95.43687770122237,29.53427992097623],[-95.43680330364886,29.534557202590264],[-95.4363169297029,29.536362096475713],[-95.4363167778876,29.536362660771378],[-95.43588004753919,29.53798663278902],[-95.43565695632827,29.53884392898468],[-95.43558849033057,29.5390930247076],[-95.43537838965698,29.53985832204754],[-95.43534612576525,29.539968580139696],[-95.43484450291731,29.541829978245264],[-95.4347922739684,29.542023779689917],[-95.4340509940774,29.544774359192093],[-95.43401744649312,29.544898853324778],[-95.43378138899939,29.5457747203105],[-95.43206615388074,29.552138448577697],[-95.4312314033861,29.554904761980772],[-95.43123048800283,29.55490800647633],[-95.43497768175146,29.554817436406765],[-95.43548427407953,29.554802699412637],[-95.4360286827861,29.554770164554213],[-95.43631055435932,29.554730962516985],[-95.43685023972414,29.554655901360878],[-95.43730451955994,29.554612415470054],[-95.43794383617463,29.55458134104695],[-95.4393479146418,29.554527176849597],[-95.44210052335224,29.55442703153737],[-95.44245606396528,29.55442270161549],[-95.44245733597973,29.55442268754974],[-95.44393600515819,29.55440466925901],[-95.45023680832395,29.554319712561025],[-95.4569172062911,29.554000964308248],[-95.4624954100322,29.553888715572246],[-95.46713771746926,29.553794210047986],[-95.47033463202092,29.553728932590097],[-95.47224123075297,29.553690070856234],[-95.47283047976529,29.553678060920046],[-95.47385632887028,29.553657151171535],[-95.47514662492695,29.55363072914511],[-95.47605759118521,29.553612075402825],[-95.47895932202945,29.5535528242929],[-95.48760010535631,29.55337571935107],[-95.4876237732691,29.553375233294506],[-95.48783906530672,29.553370820494813],[-95.49541682005558,29.553202318918895],[-95.50538488218105,29.552980010718148],[-95.50540416901019,29.553023101119248]]]},"properties":{"OID":8,"uid":"5c2e6863-0598-458b-ad35-8ebd63fedbe3","name":"LAKE OLYMPIA MS","address":"3100 Lake Olympia Pkwy","city":"Missouri City","state":"TX","zip":"77459","lat":29.558364600176215,"lng":-95.55291550024526,"phone":"(281) 634-3520","fax":"","website":"https://www.fortbendisd.com/loms","email":null,"enroll_url":"https://www.fortbendisd.com/newstudent","bus_url":null,"fill_color":"#f0daac","zone_searchable":true,"ne_x":-95.43123048800283,"ne_y":29.57205501477136,"sw_x":-95.55707660354084,"sw_y":29.50738788609931,"schools":[{"code":"048","fax":"","lat":29.558364600176215,"lng":-95.55291550024526,"zip":"77459","city":"Missouri City","name":"LAKE OLYMPIA MS","email":null,"phone":"(281) 634-3520","state":"TX","address":"3100 Lake Olympia Pkwy","website":"https://www.fortbendisd.com/loms","enroll_url":"https://www.fortbendisd.com/newstudent","bus_url":null,"fill_color":"#f0daac"}]}},{"type":"Feature","id":9,"geometry":{"type":"Polygon","coordinates":[[[-95.65774570128949,29.668220847301086],[-95.6577267001246,29.668673827756855],[-95.6577265995133,29.668676243553485],[-95.66178258105599,29.668258844551087],[-95.663848080982,29.668147813392828],[-95.66441851208575,29.667891129230128],[-95.66536607121712,29.6679147347495],[-95.66608141764416,29.66778920752447],[-95.66667232314987,29.66756501625074],[-95.66750271232377,29.667267148310543],[-95.6725033774906,29.667152628515527],[-95.6740725600188,29.667127912080186],[-95.67502115131441,29.667119620188906],[-95.67580729756226,29.667059509225773],[-95.67646329589176,29.66707579562387],[-95.6770458874895,29.667106184404368],[-95.67764411426475,29.667216593825966],[-95.67819129966387,29.66721424512236],[-95.6790867762717,29.667156826367112],[-95.67949131818686,29.667308440659532],[-95.67949145113751,29.667310417814885],[-95.67956443476277,29.667914826074306],[-95.6796465506612,29.668355480672403],[-95.6804079195769,29.668377987067736],[-95.687949595289,29.668334860082915],[-95.6879495881025,29.66833447995462],[-95.69659569125244,29.668287345601367],[-95.69700777452441,29.668283748040853],[-95.69711474950171,29.66822823834497],[-95.69715660829901,29.668206517151237],[-95.69723644247662,29.66810413758078],[-95.69715154988563,29.663681041286118],[-95.69713029215276,29.662573375298578],[-95.69710594780855,29.661142953479608],[-95.69710592535067,29.66114159756585],[-95.69711080320266,29.661141556974314],[-95.7001321689815,29.661116871847476],[-95.71492805771817,29.66092789065872],[-95.71490135349973,29.65983209095942],[-95.71486047835765,29.658089435507716],[-95.7148600283017,29.65806596273186],[-95.71410413731262,29.657471172832448],[-95.71358111389969,29.656879676839363],[-95.71294393976699,29.656092491512315],[-95.71254185384582,29.655486425942172],[-95.71205244898408,29.654474908566634],[-95.70954708718254,29.64913531041691],[-95.70934732611785,29.64870953927794],[-95.70604563296978,29.640613809970827],[-95.70475409274646,29.637778065123506],[-95.70328688337607,29.634583768426328],[-95.70100416003453,29.629617812076855],[-95.6999473702562,29.627292533225823],[-95.6988685546854,29.624915626999737],[-95.69796890899634,29.622933384566995],[-95.69555207077616,29.625713320003438],[-95.69507758243974,29.625505857568953],[-95.69428413378694,29.625311576819197],[-95.69345242947946,29.62506394086424],[-95.69267952889045,29.624852691347428],[-95.69208699294254,29.624628425517653],[-95.69146128849937,29.624193717293974],[-95.6910370564115,29.623711584899674],[-95.69065391236641,29.623195530212346],[-95.6904556532849,29.622526832411797],[-95.69026418456859,29.62164868096821],[-95.69010984142638,29.620858790746627],[-95.69002918798522,29.620262872822327],[-95.68980587309379,29.619750768366448],[-95.68959574906401,29.619448607508623],[-95.68928291705453,29.619231248705766],[-95.68884909904425,29.61904583194348],[-95.68827262048202,29.61894422391283],[-95.68771498587951,29.618878017101746],[-95.68679608570066,29.618855268481667],[-95.68609578964788,29.61887286449679],[-95.68380003085328,29.6191011844625],[-95.68382265941528,29.61785571106966],[-95.68373761141575,29.613591683907984],[-95.68364121769417,29.606861759934493],[-95.68363799633558,29.605893121927284],[-95.68363619162018,29.605350154345892],[-95.6837190064079,29.604914172664685],[-95.68389947794849,29.60462914953739],[-95.68408458210098,29.604423793923072],[-95.68449244149448,29.604143579887545],[-95.68470497839913,29.604072188124704],[-95.68529975654202,29.604018587838627],[-95.68567992985844,29.603990759042446],[-95.68492079774784,29.602513286532268],[-95.68443704328922,29.601567570950472],[-95.68381129482862,29.60163089136831],[-95.68329076603723,29.60168356267206],[-95.6829068440511,29.601734494511778],[-95.68210029077494,29.601841490500913],[-95.68129727865764,29.601983301583903],[-95.68058394625345,29.602109269361517],[-95.67971390364627,29.602238168312255],[-95.67874118629706,29.6023741169658],[-95.67786819631743,29.60249612115056],[-95.67707751537402,29.602627345604184],[-95.67647209758492,29.602727819580913],[-95.67531094962172,29.603024533478955],[-95.67488592971132,29.603140386840014],[-95.67438788664982,29.603302958102805],[-95.67382779335838,29.60350265336226],[-95.67300246798773,29.6038013207327],[-95.67220929421941,29.604088345685046],[-95.67120029122094,29.604453463525367],[-95.67031723651685,29.604772341490765],[-95.6691624854568,29.605189322636267],[-95.66752843019204,29.605779354751352],[-95.66567964523503,29.606446890582596],[-95.66447489574288,29.606883181171753],[-95.66447194208223,29.606884250398096],[-95.66058090020884,29.60832113272805],[-95.659786508325,29.60858759399378],[-95.65877748466526,29.609022555411972],[-95.65786209330592,29.609465392193293],[-95.65667721993773,29.610043824825187],[-95.65466154686555,29.611016415404574],[-95.65465027300874,29.611021593403013],[-95.65535318495563,29.61970576506167],[-95.65534578463432,29.619975923593632],[-95.65413067038041,29.62071569504816],[-95.65392884858048,29.62074710364989],[-95.65338775914887,29.620759464048703],[-95.65313241752094,29.62041032983494],[-95.6525561671308,29.619762440109398],[-95.65216283978364,29.61931449285707],[-95.6516668394911,29.61882663473246],[-95.65073996496747,29.618018065712388],[-95.65038079246574,29.617785202891497],[-95.65001488439601,29.617456227070797],[-95.65004755791952,29.618340970245296],[-95.6500491856668,29.61924751707172],[-95.65005617905129,29.619765843391377],[-95.65006708370052,29.620573892352034],[-95.65011031781852,29.623551983505504],[-95.65019518884993,29.62455418317512],[-95.65029636789701,29.6252720398489],[-95.65037982767512,29.625703665966544],[-95.65056638530174,29.626483175515133],[-95.65076987347653,29.62727809339273],[-95.65108562501071,29.628547542186197],[-95.65122267738033,29.629272339527354],[-95.6513126409611,29.629898273884262],[-95.65137995801352,29.63061972496358],[-95.65139478740224,29.63085960756195],[-95.65140896281743,29.63143310120508],[-95.65141670539685,29.63218401533228],[-95.65143429351181,29.633456332726137],[-95.65145224724108,29.634684216795918],[-95.65145406273628,29.634808456375506],[-95.65147303335844,29.63610582462729],[-95.65150889140963,29.638608635705168],[-95.65151247568761,29.638858750911634],[-95.65151416991024,29.63898123639744],[-95.65152384835912,29.63968095596578],[-95.65155271302582,29.641767751100446],[-95.6515903856739,29.644410164782613],[-95.65157953222864,29.644410263936138],[-95.65156944863956,29.644410356063066],[-95.65155584095966,29.644410480980866],[-95.65154359422736,29.644410593406896],[-95.65153131695239,29.644410705052227],[-95.65154355470149,29.644410713640298],[-95.65155600894461,29.64441072300917],[-95.65156930580744,29.64441073159725],[-95.65157978914681,29.644410738623886],[-95.65159039375874,29.644410747212007],[-95.65159975600062,29.64546741610187],[-95.65157102697952,29.646212484931496],[-95.65150257355825,29.646988495070165],[-95.65139409839442,29.64776321105461],[-95.65121012432255,29.6486122222497],[-95.65096104125722,29.64955549152938],[-95.65077103769315,29.6501192808722],[-95.65052372161395,29.650747315298297],[-95.6501913144161,29.651476105310554],[-95.64994085603007,29.65198787672479],[-95.64955030357882,29.652655371860686],[-95.64919057232498,29.653220562313578],[-95.64883856388764,29.653757273318302],[-95.64875874587969,29.653858359097676],[-95.65191601059134,29.655480605411753],[-95.65191875943611,29.655637217063354],[-95.65890836201562,29.655558017033478],[-95.65879521112076,29.6557673652767],[-95.65837935133135,29.65653724552686],[-95.65821264018427,29.656919473843775],[-95.65817282505425,29.657126820041263],[-95.65817607336234,29.65773829878951],[-95.65817769661804,29.65804405277314],[-95.65817857067883,29.658995082041297],[-95.65816435843271,29.659312869379814],[-95.65813586117696,29.659950072532975],[-95.65810500584357,29.660697379105624],[-95.65808900684836,29.660889812578674],[-95.65806223345965,29.66132619837747],[-95.6580526457406,29.6614711488543],[-95.6580481370962,29.66153932601135],[-95.65801768600468,29.66190836659376],[-95.65798314039213,29.66238359361143],[-95.65797594668335,29.662620455345895],[-95.65796850144626,29.662865538511895],[-95.65795479315503,29.663114104079476],[-95.65794220506295,29.663330764777513],[-95.65794087914959,29.663353586094043],[-95.65793319046908,29.66348591465777],[-95.65793045779398,29.663532932611528],[-95.6579269911953,29.663592582013116],[-95.65792469689805,29.66363204695445],[-95.6579198019781,29.663716262923717],[-95.65791822633308,29.663743381281375],[-95.6579134374143,29.66382576356133],[-95.65791061311104,29.663874362041838],[-95.65790410751174,29.66398636818388],[-95.65790109546059,29.66403814590611],[-95.65789776989743,29.664095429839467],[-95.65789354512064,29.664167907011972],[-95.65789342294974,29.66417607659498],[-95.65789242941307,29.66424326916543],[-95.65789134065493,29.664315747792553],[-95.65789069566456,29.66435869540573],[-95.65789013242087,29.664396263233762],[-95.65788928441124,29.664452885030503],[-95.6578308957144,29.666189750070764],[-95.65778147040749,29.667368075333357],[-95.65774570128949,29.668220847301086]],[[-95.6971680923616,29.652447637823123],[-95.69716807259866,29.65244763860381],[-95.69716807888686,29.652447591763387],[-95.6971680923616,29.652447637823123]]]},"properties":{"OID":9,"uid":"3b339c30-3d90-47f0-86e4-bb04e4a0c1eb","name":"GARCIA MS","address":"18550 Old Richmond Rd","city":"Sugar Land","state":"TX","zip":"77498","lat":29.63451809972151,"lng":-95.6810585998799,"phone":"(281) 634-3160","fax":"","website":"https://www.fortbendisd.com/gms","email":null,"enroll_url":"https://www.fortbendisd.com/newstudent","bus_url":null,"fill_color":"#4683ff","zone_searchable":true,"ne_x":-95.64875874587969,"ne_y":29.668676243553485,"sw_x":-95.71492805771817,"sw_y":29.601567570950472,"schools":[{"code":"049","fax":"","lat":29.63451809972151,"lng":-95.6810585998799,"zip":"77498","city":"Sugar Land","name":"GARCIA MS","email":null,"phone":"(281) 634-3160","state":"TX","address":"18550 Old Richmond Rd","website":"https://www.fortbendisd.com/gms","enroll_url":"https://www.fortbendisd.com/newstudent","bus_url":null,"fill_color":"#4683ff"}]}},{"type":"Feature","id":10,"geometry":{"type":"MultiPolygon","coordinates":[[[[-95.64007866036087,29.601458096337836],[-95.64003931415141,29.604761485764868],[-95.64001306807374,29.606964802393993],[-95.64036816671566,29.607192444067042],[-95.6411825003005,29.607714475058014],[-95.6419638225953,29.608215336226873],[-95.64308490210355,29.60893397860639],[-95.64324041575061,29.609033666069607],[-95.64557892716621,29.610480728554425],[-95.64665921417745,29.611129798670092],[-95.64729893862724,29.611554204179324],[-95.64783511068099,29.611979338125472],[-95.6482486132911,29.61231828469718],[-95.6485210857915,29.612635682037524],[-95.64884863310365,29.61304319408761],[-95.64918073128105,29.613533214612904],[-95.64979017711589,29.613253373429053],[-95.65047306920833,29.612939801713406],[-95.65105253017731,29.612673719793353],[-95.65177115545515,29.612343731533766],[-95.65288327606508,29.611833038699473],[-95.65466154686555,29.611016415404574],[-95.65667721993773,29.610043824825187],[-95.65786209330592,29.609465392193293],[-95.65877748466526,29.609022555411972],[-95.659786508325,29.60858759399378],[-95.66058090020884,29.60832113272805],[-95.66447194208223,29.606884250398096],[-95.66567964523503,29.606446890582596],[-95.66752843019204,29.605779354751352],[-95.6691624854568,29.605189322636267],[-95.67031723651685,29.604772341490765],[-95.67120029122094,29.604453463525367],[-95.67220929421941,29.604088345685046],[-95.67300246798773,29.6038013207327],[-95.67382779335838,29.60350265336226],[-95.67438788664982,29.603302958102805],[-95.67488592971132,29.603140386840014],[-95.67531094962172,29.603024533478955],[-95.67647209758492,29.602727819580913],[-95.67707751537402,29.602627345604184],[-95.67786819631743,29.60249612115056],[-95.67874118629706,29.6023741169658],[-95.67971390364627,29.602238168312255],[-95.68058394625345,29.602109269361517],[-95.68129727865764,29.601983301583903],[-95.68210029077494,29.601841490500913],[-95.6829068440511,29.601734494511778],[-95.68329076603723,29.60168356267206],[-95.68381129482862,29.60163089136831],[-95.68443704328922,29.601567570950472],[-95.68507262650557,29.601503251505648],[-95.68567451750887,29.60144233826365],[-95.68631217313857,29.60138292385794],[-95.68685626923143,29.601337787381894],[-95.68721937904905,29.601319210405983],[-95.68790123897726,29.60131012733827],[-95.68857479218403,29.601311309097813],[-95.68906823407464,29.601277624648855],[-95.6896713746345,29.60123063464412],[-95.69061550759137,29.601144034915947],[-95.69312700937789,29.60089512579589],[-95.69555469745006,29.600640644649175],[-95.7004400773249,29.600128402238543],[-95.70718645924464,29.59940105361498],[-95.7127806008955,29.598772477228536],[-95.7136945199161,29.598678908840935],[-95.71370307996246,29.598467490768428],[-95.71401443963317,29.59077574343691],[-95.71406754982941,29.58902981843755],[-95.7136783682073,29.579577323664388],[-95.71335964684282,29.57183535837641],[-95.71335718366231,29.571835761526515],[-95.71331814288004,29.571842118171713],[-95.71324124260016,29.571854645511927],[-95.71312981916557,29.571860351334408],[-95.71296377995836,29.571914239034093],[-95.71285127225723,29.571950743613755],[-95.71246947119349,29.572093541295764],[-95.71225928428161,29.57216859340132],[-95.71188240868057,29.572303162176752],[-95.71169662360509,29.57236622438187],[-95.71160278379388,29.572419127381014],[-95.71108586802657,29.57271054574907],[-95.71070160018907,29.57292937988551],[-95.71064403075576,29.572950562221564],[-95.71059394518709,29.572968990506556],[-95.7105348710757,29.573001364026926],[-95.71048746518152,29.573017759387508],[-95.71043216758757,29.573036883789037],[-95.71030557070954,29.573063360898917],[-95.71023628904156,29.573112389122144],[-95.71010972001127,29.573138866993528],[-95.70989784247007,29.57326047447832],[-95.7096797845197,29.57342420487695],[-95.70947854482804,29.57355130132897],[-95.70929967857687,29.573664267311337],[-95.70881969075427,29.573930448230062],[-95.70867924275285,29.574008335804454],[-95.70864142817098,29.574022407469823],[-95.70849814508652,29.5740757393059],[-95.70832223878422,29.57417830429636],[-95.70801730655934,29.574440146202026],[-95.70790847027278,29.574532643277884],[-95.70784327504103,29.574588053823476],[-95.70764692577781,29.574828404906327],[-95.70742519102296,29.57510618544634],[-95.70717241767842,29.57543489783779],[-95.70633203834024,29.576066810301477],[-95.70575080230027,29.5763158283315],[-95.70523573616414,29.576536502338875],[-95.70506376807603,29.576617496542777],[-95.70472374855447,29.576711232266128],[-95.7046133896235,29.576745038199757],[-95.70441513862681,29.57680576713155],[-95.70412730852833,29.57686955231453],[-95.70390291116698,29.576971491803484],[-95.70357841543183,29.577118905867845],[-95.70346358738232,29.577115191768563],[-95.7033412467221,29.577111232354245],[-95.70320770676523,29.577075464022933],[-95.70316775868454,29.577071978830702],[-95.70307801878428,29.577064152186917],[-95.70305658587992,29.577057310709147],[-95.70300906050981,29.577042144142585],[-95.7029224368653,29.5769912849948],[-95.70283079792652,29.576952486898648],[-95.70274813315744,29.576965987834676],[-95.70265801776141,29.576980705970048],[-95.70250113598019,29.576948414195325],[-95.70234477252689,29.576899885497166],[-95.702132944393,29.57684485903775],[-95.70202523908537,29.576790951313047],[-95.7018384362187,29.5767313520754],[-95.70178204447672,29.576710008030325],[-95.70172745026365,29.57668934289652],[-95.70164855302887,29.576623548194945],[-95.70159169146801,29.576576127170043],[-95.70114987485844,29.576207677125733],[-95.70075762099806,29.57597017938705],[-95.70075870885788,29.575797388846844],[-95.70062473052315,29.57570715157736],[-95.7002925523957,29.575483422552523],[-95.70009658311984,29.57529005951166],[-95.6996599524844,29.57503575363414],[-95.69964990482795,29.575029444847637],[-95.69951019883499,29.57494172493976],[-95.69938280964286,29.574852168958753],[-95.69918261020031,29.57465082865413],[-95.6989781796928,29.574441530627468],[-95.69875206385431,29.574208131236688],[-95.69859923527166,29.57407081176481],[-95.69854671437025,29.574013175063705],[-95.69848205812768,29.573942219811155],[-95.69840669486524,29.573852388713316],[-95.69830035140357,29.573725627029805],[-95.69814480451888,29.573533257542685],[-95.69803188089777,29.57341263558857],[-95.69779382824579,29.573131814301835],[-95.69755665145121,29.57282350173401],[-95.6975421804903,29.572811984723316],[-95.69733762960853,29.572649183851095],[-95.69720501761135,29.572560927470775],[-95.69718147186944,29.572545255513425],[-95.69718259745848,29.572529580428526],[-95.69718488546752,29.57249759974752],[-95.69717561395547,29.57249245571112],[-95.69715832048793,29.572482859863605],[-95.6970173703283,29.572404689065245],[-95.69667528378325,29.57214484590574],[-95.69658305105808,29.572079731877228],[-95.69631695749452,29.571971036257203],[-95.6961159486699,29.5719346512235],[-95.6960457480254,29.571881844070155],[-95.695876930329,29.571822679461853],[-95.6954794967827,29.571746076220084],[-95.6952051153623,29.571755025221798],[-95.69503134884701,29.571848928750995],[-95.6947386687443,29.572006650137386],[-95.69453036020968,29.57205649298509],[-95.69434721797776,29.572161951603565],[-95.69401585821555,29.572405125027387],[-95.69369432332758,29.572621066699615],[-95.6935200169248,29.57280724931822],[-95.69333131501958,29.573008805809955],[-95.6931388356986,29.573263278519438],[-95.69298331217009,29.573487246849734],[-95.69251288511705,29.574139425428537],[-95.69197089108195,29.574919425798566],[-95.69179152626579,29.57518600888867],[-95.69148014773045,29.575504317626613],[-95.69140476290843,29.575612437553737],[-95.69127097321991,29.575719114362148],[-95.69111566079549,29.57579775916783],[-95.69086647172894,29.575999755011495],[-95.6907363247089,29.576134015549844],[-95.69049597236979,29.57634017251275],[-95.69031926836351,29.57652432949138],[-95.69020390401978,29.57663765777764],[-95.69005529841728,29.57680603588505],[-95.69002219190577,29.576843440269887],[-95.68998268938948,29.576888125198504],[-95.6899005240837,29.576964297971635],[-95.68982243353605,29.57701496884972],[-95.68977923445236,29.57704234258224],[-95.68974745115929,29.57706999834144],[-95.68971392513457,29.57710045255877],[-95.68966571973979,29.577131960683484],[-95.68962078690761,29.577163550830413],[-95.68956224459885,29.577213285662626],[-95.68955256435335,29.577220335725475],[-95.689448959855,29.577295787148337],[-95.6893941698092,29.577329996795637],[-95.68935086023272,29.577361626724574],[-95.6893051629342,29.577415938834896],[-95.68926802388542,29.57745768286593],[-95.68924508540464,29.577485221323116],[-95.68912907696884,29.577579352336656],[-95.68905219465526,29.577642854217085],[-95.68899694377372,29.577691273182648],[-95.68891820733737,29.577761828142656],[-95.68884104834267,29.57783386508881],[-95.68879558370782,29.577881083178717],[-95.68874902672158,29.577912631684832],[-95.68867278850007,29.57795622629471],[-95.68847080410505,29.578064996721306],[-95.68836730201464,29.578146320167548],[-95.68829336797181,29.57821983418158],[-95.68822293017207,29.578284937218946],[-95.68812877595053,29.578379292486158],[-95.68802943216157,29.578483461692496],[-95.68779426489829,29.578712256695216],[-95.68769737081512,29.578790903856675],[-95.68763516607495,29.578853348732693],[-95.68753382892436,29.57896884782356],[-95.68732070272489,29.579195326907158],[-95.68720649091968,29.579306270191793],[-95.68698660938927,29.579565283994135],[-95.68685515262554,29.579707059203535],[-95.68675943174212,29.579849720917327],[-95.68666232655485,29.580035012097078],[-95.68656457547891,29.58024018767649],[-95.68646654862016,29.580453876704645],[-95.68641158430117,29.580543523807727],[-95.68638139372109,29.58057119579488],[-95.68635113846234,29.580601730203934],[-95.6863369307078,29.580638362107926],[-95.68631576729803,29.58068902176706],[-95.68625709473355,29.58079277531956],[-95.6861128297905,29.581028082087812],[-95.68585888144958,29.581434146120852],[-95.6857625110842,29.581596691428725],[-95.68566326161836,29.58174780485556],[-95.68549046438525,29.581959641543644],[-95.68524812497273,29.582209575468177],[-95.68517717603159,29.582290284663145],[-95.68511988327941,29.582351430553736],[-95.68506917607657,29.582409898396232],[-95.68500214468838,29.582470780163206],[-95.68494160542475,29.58253184469802],[-95.68485816900284,29.582591305360737],[-95.68482329191194,29.582625148385993],[-95.68478433557134,29.58265445254151],[-95.68456848837485,29.582891226775036],[-95.68446761475498,29.582980252993234],[-95.68444271525193,29.583001452750675],[-95.68329901526648,29.584365944677334],[-95.68269370347859,29.58448016254069],[-95.68192114065614,29.584563497095857],[-95.67944540978426,29.584185647086038],[-95.67845316306078,29.583541315023087],[-95.67804246499097,29.58327462197305],[-95.6776263033676,29.58300437682791],[-95.67753312291981,29.58294384614721],[-95.67635886045178,29.58221056917787],[-95.6759452015348,29.582075513627892],[-95.67447118113792,29.581624427968645],[-95.67361736749464,29.58136128755174],[-95.67338594979937,29.58128994294495],[-95.67240354771307,29.580987398878122],[-95.67158160539779,29.580582122091066],[-95.6700492106771,29.579833831345155],[-95.66886527425179,29.579256841074773],[-95.66811062473441,29.578877018869623],[-95.66748522302349,29.57773472179378],[-95.66707207794285,29.57698320756069],[-95.6670167677725,29.57590984058619],[-95.66697998804982,29.575866777135708],[-95.66696347342165,29.575818944808457],[-95.66695273136747,29.575778288406287],[-95.66693231266107,29.575726843451626],[-95.66690804826695,29.575670049903803],[-95.66690976494743,29.575617399395483],[-95.66689365096788,29.575557293202174],[-95.66690208974165,29.575545219457876],[-95.66689152106234,29.575499294059004],[-95.66687529389503,29.575442679294177],[-95.66685573936793,29.57542639214272],[-95.66684201670365,29.57541552466503],[-95.66684063599307,29.575396174926748],[-95.66682217022408,29.57534653607702],[-95.66679916975956,29.575312582795977],[-95.66679419848276,29.5752808615975],[-95.66681489656524,29.575262061848935],[-95.66679539863199,29.57524401758712],[-95.66675310594842,29.575184995578024],[-95.66675051790209,29.575141025541676],[-95.66673549807052,29.575109052719288],[-95.6667149077859,29.57506287711441],[-95.66670858723957,29.575010046596418],[-95.66674203061928,29.574970470370882],[-95.66672465720168,29.574948962667087],[-95.66670332311199,29.574925600212627],[-95.66669493464387,29.574874478271408],[-95.66667221535202,29.574770302997322],[-95.66666905507884,29.574743877117932],[-95.66665179664561,29.57471885674774],[-95.66664062429842,29.574692231629438],[-95.66664343602527,29.574667711263547],[-95.66663034218169,29.574637544603547],[-95.66663860937724,29.574630718586832],[-95.66663137344764,29.574605948978572],[-95.66661256272558,29.57456684995517],[-95.66661531696025,29.574544087433495],[-95.66661198421053,29.574522930432657],[-95.66659283123037,29.57449437003703],[-95.66657367825019,29.574465786976248],[-95.66658277728571,29.574432634990703],[-95.6665916167081,29.574408288786902],[-95.66658437988018,29.574383519905346],[-95.66659833341147,29.574387383329416],[-95.66660772350114,29.574406933268403],[-95.66662977175147,29.574409240384398],[-95.66662930372922,29.574401794016904],[-95.66662844853307,29.574388134138406],[-95.66659729585733,29.574357493939704],[-95.66658983085732,29.574339749527454],[-95.66659275756851,29.574311718006204],[-95.66659941498308,29.57429256962647],[-95.66658215654984,29.57426754992572],[-95.6665808908236,29.57424468655151],[-95.66660009590606,29.574210050842247],[-95.66659056298427,29.57419401272041],[-95.66659308904686,29.574178255075676],[-95.66658386784046,29.574153435354454],[-95.66658455415333,29.574132379056948],[-95.66659526386816,29.574111572765013],[-95.66659812949392,29.57408531859513],[-95.6665831123573,29.574053323562524],[-95.66658391365453,29.574028755383292],[-95.66658035183444,29.574014625122665],[-95.66659636879595,29.574016782241504],[-95.66663220349095,29.574026442789606],[-95.6666384602569,29.574019589386722],[-95.66660857240909,29.57401181172707],[-95.66656694178387,29.573994974322325],[-95.66655025557746,29.573952413200868],[-95.66657565993371,29.57391265686576],[-95.66658900710219,29.573872601283732],[-95.66657542457511,29.573858198333493],[-95.66659204700112,29.57384105542146],[-95.66659129600956,29.573802407683665],[-95.66661302625627,29.573752011767677],[-95.66662657105412,29.573706687141833],[-95.66663917441757,29.57368944419975],[-95.66666176704695,29.57367420837422],[-95.66665656580145,29.573649489314832],[-95.66663905224668,29.573631494767007],[-95.6666394528953,29.573619221564783],[-95.66662449145424,29.573585469274438],[-95.66660304327851,29.57356561838155],[-95.66660545345842,29.573553395954907],[-95.66658457840785,29.573515979413123],[-95.6665795217911,29.573486013980723],[-95.66658646666659,29.5734580814457],[-95.66659134362027,29.573431856013503],[-95.66659260305829,29.57339325734009],[-95.66659173798067,29.573358119752694],[-95.6665850751762,29.573315807593335],[-95.66662362278336,29.5732430009801],[-95.66661633654809,29.573231618398765],[-95.666625582009,29.573214537883402],[-95.6666423930812,29.573190052316612],[-95.6666584253141,29.573168882531395],[-95.66665490751144,29.573145446223908],[-95.66663983198434,29.573115206449213],[-95.66662303259022,29.573076156851045],[-95.66662188184834,29.573049782093396],[-95.66662664291934,29.573027091108326],[-95.66662796164617,29.572986713283576],[-95.6666293917641,29.57294284463886],[-95.66663535747591,29.572883289225718],[-95.66664841808183,29.572852016506147],[-95.66666526778162,29.572827847274272],[-95.66670920977205,29.572713027913192],[-95.66670162888937,29.572698798244367],[-95.66668994270584,29.572687957818374],[-95.66669841202234,29.57267412816754],[-95.66669904084303,29.572654829469148],[-95.66670185256989,29.572630309389766],[-95.66671241406266,29.572614772606816],[-95.6667059803286,29.57256543396868],[-95.66670924839961,29.572526886529396],[-95.66673654730278,29.57249069311288],[-95.66676235230763,29.572438641761625],[-95.66676952355854,29.572403706197132],[-95.66676458282448,29.572370226953502],[-95.66677141271559,29.572345807591983],[-95.66677838813376,29.572316117609397],[-95.6668132670213,29.57229415618904],[-95.66681843143587,29.572259169790392],[-95.66682554699123,29.572225967858756],[-95.6668435474329,29.572228175018733],[-95.66685408377288,29.572212638955214],[-95.66686406854726,29.57215318389861],[-95.66688993014597,29.572099375237347],[-95.66689979724104,29.572043434387975],[-95.666908210862,29.572031360223473],[-95.66693333404555,29.572018350844807],[-95.66695194085004,29.572000445855537],[-95.66700018127909,29.571930811144508],[-95.66703589559985,29.571880111150637],[-95.66702822668229,29.571834573171287],[-95.66705583101265,29.57175581355272],[-95.66709890882377,29.57173227534835],[-95.66711854240263,29.571682865962003],[-95.66710203496096,29.571570797821167],[-95.66711962846581,29.571523839297143],[-95.66713357391228,29.57146621754947],[-95.66715030503444,29.571384099607258],[-95.66717547762534,29.57135137085707],[-95.66721160876436,29.57122934776356],[-95.6672244411982,29.57120507891769],[-95.66723597556646,29.57115970392645],[-95.66724297703578,29.571130015157692],[-95.66726946655687,29.57105693116791],[-95.66727284961222,29.571014868061862],[-95.66729021584332,29.570974912118608],[-95.6673108573319,29.570957846847566],[-95.66733620150102,29.57091984883384],[-95.66732979291979,29.570870532025374],[-95.6673330618891,29.570831960499877],[-95.66735817878444,29.57080098638541],[-95.6673590932694,29.570772906222],[-95.66736612528145,29.57074148205657],[-95.66737128969602,29.570706474024625],[-95.66737846184526,29.570671537079583],[-95.66738695631457,29.57065770871522],[-95.66739290226344,29.570659615105995],[-95.66740300561544,29.57065810796347],[-95.66742594229959,29.57063233339999],[-95.66741939268285,29.570586506555184],[-95.66742162499634,29.570518068615485],[-95.66744714164197,29.570474799725027],[-95.66746699979964,29.570420863597235],[-95.66748057603854,29.57037378187276],[-95.66749630194589,29.570323238140453],[-95.66750614298984,29.57026729474446],[-95.66751434640501,29.570200763769247],[-95.66754847430097,29.57014015274928],[-95.66756428644659,29.570086117216114],[-95.6675825941121,29.570018078969394],[-95.66759014085879,29.569970845482413],[-95.6676057517818,29.569923815114798],[-95.66762564227882,29.56986812308059],[-95.6676375189052,29.569812232561866],[-95.66763711196839,29.569763043348004],[-95.66766512952377,29.569703946254],[-95.66767497326265,29.56964798141939],[-95.66768650942754,29.569602583851673],[-95.66769614924884,29.569553623461406],[-95.6677054207609,29.56951520066437],[-95.66771913623865,29.569464583839828],[-95.66773277086803,29.569415721828687],[-95.66773621231388,29.569371881322592],[-95.66773947948656,29.56933333188292],[-95.66774823626396,29.56931069553628],[-95.6677797824018,29.569267555045997],[-95.66778604545595,29.569229644685226],[-95.66783099984772,29.569206175429404],[-95.66786412791878,29.56917540239659],[-95.66785069541032,29.56912796302841],[-95.66819313409495,29.568902481766763],[-95.66858126109491,29.568671332284104],[-95.66856863617191,29.568392714431138],[-95.66839936392797,29.567998335057265],[-95.66487375850882,29.5702312849074],[-95.66328802721645,29.571234205125993],[-95.65454947394902,29.576760347000313],[-95.65378680517114,29.57724259138935],[-95.65341408248165,29.57747826659191],[-95.65211159628657,29.5783017770332],[-95.65091445462657,29.579058682181277],[-95.64812988296,29.580819255082773],[-95.64801451771795,29.5808921952909],[-95.64586677433269,29.582249911324464],[-95.64281642441124,29.584178217063783],[-95.64027043899593,29.585787684132324],[-95.64026117916197,29.58613218392279],[-95.6402529119664,29.58682652560821],[-95.64023181682859,29.588598012645434],[-95.64020606931592,29.590760255534775],[-95.64015426527011,29.595110144097504],[-95.64008144244329,29.60122457821902],[-95.64007866036087,29.601458096337836]]],[[[-95.68771498587951,29.618878017101746],[-95.68827262048202,29.61894422391283],[-95.68884909904425,29.61904583194348],[-95.68928291705453,29.619231248705766],[-95.68959574906401,29.619448607508623],[-95.68980587309379,29.619750768366448],[-95.69002918798522,29.620262872822327],[-95.69010984142638,29.620858790746627],[-95.69026418456859,29.62164868096821],[-95.6904556532849,29.622526832411797],[-95.69065391236641,29.623195530212346],[-95.6910370564115,29.623711584899674],[-95.69146128849937,29.624193717293974],[-95.69208699294254,29.624628425517653],[-95.69267952889045,29.624852691347428],[-95.69345242947946,29.62506394086424],[-95.69428413378694,29.625311576819197],[-95.69507758243974,29.625505857568953],[-95.69555207077616,29.625713320003438],[-95.69796890899634,29.622933384566995],[-95.6979605834103,29.62291503881301],[-95.69710810556187,29.62103664489105],[-95.69637564353371,29.619419979394483],[-95.69528430724449,29.61731884306905],[-95.69455231413691,29.616251049363594],[-95.69370242074156,29.61522100467946],[-95.69314751881413,29.614628496704395],[-95.6926059460889,29.614065658267997],[-95.69223396630616,29.613689009003497],[-95.69171310244317,29.613161599890226],[-95.69131412020131,29.612763417926896],[-95.69086414868562,29.612293140095506],[-95.6897274861021,29.610923232474565],[-95.68916286889488,29.61007731656229],[-95.68831360611686,29.60855463207056],[-95.68733963561782,29.60711663932594],[-95.68667821505728,29.605855252659943],[-95.68567992985844,29.603990759042446],[-95.68529975654202,29.604018587838627],[-95.68470497839913,29.604072188124704],[-95.68449244149448,29.604143579887545],[-95.68408458210098,29.604423793923072],[-95.68389947794849,29.60462914953739],[-95.6837190064079,29.604914172664685],[-95.68363619162018,29.605350154345892],[-95.68363799633558,29.605893121927284],[-95.68364121769417,29.606861759934493],[-95.68373761141575,29.613591683907984],[-95.68379611599526,29.616524897785805],[-95.68382265941528,29.61785571106966],[-95.68380003085328,29.6191011844625],[-95.68609578964788,29.61887286449679],[-95.68679608570066,29.618855268481667],[-95.68771498587951,29.618878017101746]]]]},"properties":{"OID":10,"uid":"3c7d2820-3870-4942-b459-ea7ee94366ae","name":"SARTARTIA MS","address":"8125 Homeward Way","city":"Sugar Land","state":"TX","zip":"77479","lat":29.58638189971894,"lng":-95.67391569979713,"phone":"(281) 634-6310","fax":"","website":"https://www.fortbendisd.com/sms","email":null,"enroll_url":"https://www.fortbendisd.com/newstudent","bus_url":null,"fill_color":"#ffb54a","zone_searchable":true,"ne_x":-95.64001306807374,"ne_y":29.625713320003438,"sw_x":-95.71406754982941,"sw_y":29.567998335057265,"schools":[{"code":"050","fax":"","lat":29.58638189971894,"lng":-95.67391569979713,"zip":"77479","city":"Sugar Land","name":"SARTARTIA MS","email":null,"phone":"(281) 634-6310","state":"TX","address":"8125 Homeward Way","website":"https://www.fortbendisd.com/sms","enroll_url":"https://www.fortbendisd.com/newstudent","bus_url":null,"fill_color":"#ffb54a"}]}},{"type":"Feature","id":11,"geometry":{"type":"Polygon","coordinates":[[[-95.62082826059053,29.58523790254623],[-95.62115473351761,29.58552860661616],[-95.62238343299354,29.585898585798486],[-95.62417521176094,29.586440940960294],[-95.62538637971579,29.58727704119134],[-95.62507735746142,29.587530275701084],[-95.62316459269324,29.588968696122386],[-95.62149934612522,29.5902211419521],[-95.62029275059514,29.591130407698262],[-95.61971935235603,29.59170619430242],[-95.61901990161793,29.592461791281714],[-95.61818282897832,29.59319017885695],[-95.61766631475793,29.593768122119652],[-95.61724538847031,29.594382532761536],[-95.6170205644092,29.594801810397094],[-95.61665073968483,29.595572522980017],[-95.61635560718138,29.596206633162918],[-95.61729340252393,29.596545895205757],[-95.6197065549565,29.597419414689345],[-95.62102203079057,29.597888851914316],[-95.62250785774522,29.59841967774475],[-95.62250592457075,29.598421600795284],[-95.62372156074584,29.598857212189216],[-95.62623107276397,29.599764602828124],[-95.62701303286259,29.60004626621859],[-95.63009074187435,29.601149429778232],[-95.6316250032942,29.601710761783554],[-95.63303811252493,29.602264881452932],[-95.63360860022252,29.602558513866295],[-95.63390278500334,29.602728054679766],[-95.63468827997262,29.603262602544774],[-95.63699645977266,29.60487859929556],[-95.64001306807374,29.606964802393993],[-95.64003931415141,29.604761485764868],[-95.64007866036087,29.601458096337836],[-95.64008144244329,29.60122457821902],[-95.64015426527011,29.595110144097504],[-95.64020606931592,29.590760255534775],[-95.64023181682859,29.588598012645434],[-95.6402529119664,29.58682652560821],[-95.64026117916197,29.58613218392279],[-95.64027043899593,29.585787684132324],[-95.64281642441124,29.584178217063783],[-95.64586677433269,29.582249911324464],[-95.64801451771795,29.5808921952909],[-95.64812988296,29.580819255082773],[-95.65091445462657,29.579058682181277],[-95.65211159628657,29.5783017770332],[-95.65341408248165,29.57747826659191],[-95.65378680517114,29.57724259138935],[-95.65454947394902,29.576760347000313],[-95.66328802721645,29.571234205125993],[-95.66487375850882,29.5702312849074],[-95.66839936392797,29.567998335057265],[-95.66836120079978,29.567909418295706],[-95.66823102054205,29.567522978492917],[-95.66820332009195,29.5674466485812],[-95.66809449907674,29.567146904744533],[-95.66805114278786,29.566996417190428],[-95.66778372870084,29.56662587101689],[-95.66760792839975,29.566405277705133],[-95.66741211722736,29.566182428957667],[-95.66723008531314,29.56596871128615],[-95.66693208808225,29.56573452581105],[-95.66674477946404,29.565559329958212],[-95.66656869888858,29.56540904943992],[-95.66627684882918,29.565171496610734],[-95.66593456106152,29.564878188272736],[-95.66567314143238,29.564694134288914],[-95.66543086580025,29.564540463746557],[-95.66514820730285,29.564392707055553],[-95.66475184903992,29.5642175002803],[-95.6644024520051,29.56408216203103],[-95.66413643928992,29.564018478941872],[-95.66388515894538,29.563967042060412],[-95.66334037384469,29.5639232882641],[-95.66275650035104,29.563843376219744],[-95.66202421708765,29.563847697924253],[-95.66155957338839,29.563872945238472],[-95.66143358736474,29.56386399163142],[-95.66108000777396,29.563838859174997],[-95.6607603234155,29.563816133303096],[-95.66038956534153,29.563806871053554],[-95.65982184535332,29.56382365468041],[-95.65947757141059,29.563833917069875],[-95.6592058409186,29.563902608011652],[-95.65897873334005,29.563901191405996],[-95.65849659944223,29.563929123459037],[-95.65849845895487,29.563932979469467],[-95.65825859170603,29.56395044598365],[-95.65796360383132,29.56398215355157],[-95.65740304072098,29.563978684315956],[-95.65738792926129,29.563976030038077],[-95.6573741769526,29.563973614074783],[-95.65731807626479,29.563972121678262],[-95.65721344139881,29.56397024797826],[-95.65715770902027,29.56395984026981],[-95.65713239629218,29.56395499193374],[-95.65708864115133,29.56394177211025],[-95.65701201934917,29.563918986096848],[-95.65695713318364,29.563902398607176],[-95.65692043071607,29.563891068886868],[-95.6566970134167,29.56389512727098],[-95.65570020953977,29.563779972707255],[-95.65495388471015,29.563596521496724],[-95.65438151594036,29.56345361725471],[-95.65259753993952,29.562873687636042],[-95.65258655534022,29.562871657642106],[-95.6524892049129,29.562791530670815],[-95.65086970325406,29.562199635210035],[-95.65055128372352,29.56208208849016],[-95.64969926311755,29.561857253323467],[-95.64916976374974,29.56162484454499],[-95.64812148281378,29.56137942682671],[-95.6475889112077,29.561240849859388],[-95.64689790642988,29.561020034595],[-95.64613996728197,29.56065666149048],[-95.64522462712657,29.56017976541851],[-95.64455973906904,29.55970915105331],[-95.64415043428625,29.55908842195069],[-95.64391950886773,29.55848782263663],[-95.64381740096265,29.557780889024183],[-95.64396110984853,29.557221000525477],[-95.64412270419174,29.556661561363978],[-95.64446317915915,29.556106613052947],[-95.64491097944682,29.555554356045803],[-95.6452621488577,29.55521881100548],[-95.64556221850194,29.554803719960677],[-95.64559293818971,29.554413174380223],[-95.64566046095635,29.553992245820137],[-95.64557110014515,29.553442159039797],[-95.64549500655237,29.553033279428472],[-95.64513836101152,29.55244517933819],[-95.64490282274404,29.551985340336824],[-95.6446662603971,29.551556779347205],[-95.64442816013442,29.551175137658664],[-95.64404388241545,29.55088373999159],[-95.64354714640268,29.550746045746546],[-95.64244019020731,29.550655632927928],[-95.64167155212432,29.550620670292666],[-95.64090291404138,29.550585702175017],[-95.63972602939101,29.550302776235455],[-95.63957623082581,29.550676149440545],[-95.63944849039243,29.550660899203134],[-95.63846038939396,29.55055200783045],[-95.63810053686757,29.550439932655703],[-95.63809248257272,29.55043633948373],[-95.63552137217721,29.549289116281162],[-95.63400602658231,29.548654194045376],[-95.6331566057008,29.548415174837203],[-95.63184688716939,29.54802422945527],[-95.63043294879364,29.547451667442164],[-95.62979655350027,29.547174043730976],[-95.62698844058337,29.54450105456696],[-95.62624857374234,29.543559053169556],[-95.62548811931161,29.542617017203913],[-95.62492842307552,29.541446332709288],[-95.62396872860299,29.540345396697454],[-95.62366163323492,29.54009142566176],[-95.62300919403057,29.539528942113765],[-95.62281745492139,29.539328483333282],[-95.62192796827988,29.538599389899098],[-95.62192522033342,29.538597560277335],[-95.6218320084446,29.53853543361768],[-95.6210650789573,29.538024272729835],[-95.61993259713311,29.537337864472853],[-95.61992968479498,29.537335470538043],[-95.6189750487358,29.53655036705974],[-95.61831303259223,29.53601159714153],[-95.61763936350276,29.53536256135821],[-95.61676716853216,29.534206533647964],[-95.61632988392324,29.53326010159873],[-95.61608751845958,29.53241441802427],[-95.61608717170988,29.532412492153323],[-95.61591496736484,29.531453726691712],[-95.61582055712343,29.53046514981367],[-95.61571844742173,29.529204739909257],[-95.61567657065811,29.528626257533794],[-95.61543606830037,29.527684263787876],[-95.61530328652158,29.52730770332866],[-95.61526435713043,29.527203826841273],[-95.61514991805146,29.52703568497825],[-95.61505772215719,29.52690022502595],[-95.61494093578038,29.52673800598183],[-95.61487084113708,29.52662736765304],[-95.61481185685719,29.526529091763376],[-95.61478072574103,29.52649404418289],[-95.61456980670222,29.52638991282374],[-95.61430500581434,29.526242089412996],[-95.61414177833394,29.526159314086655],[-95.61390552321085,29.526054539864493],[-95.61360984183678,29.52593414966105],[-95.61338002134606,29.525843668535693],[-95.61319822568875,29.525764458011107],[-95.6131028434702,29.52572174056563],[-95.61290916130504,29.525722871620605],[-95.61274565085535,29.525718728066543],[-95.6126443676037,29.525714131933956],[-95.61211877590738,29.52569381045953],[-95.61187794835948,29.525678585374937],[-95.61175593738096,29.52567346396803],[-95.61150546462187,29.525698418317894],[-95.61131356561256,29.52571572651063],[-95.61080131299988,29.525752077379515],[-95.61073229274166,29.525748319964208],[-95.61055457902901,29.525803328135094],[-95.61030757197028,29.525883747847868],[-95.61012687315593,29.525932544144666],[-95.60969989491824,29.52606589962093],[-95.60955339496677,29.526104513247187],[-95.60939587628,29.52619728672303],[-95.6092195298032,29.52630167388025],[-95.60904548570849,29.526406121116764],[-95.6088184760463,29.526530344746607],[-95.60851530631601,29.526753531059523],[-95.60834079509733,29.52687207482104],[-95.60822289391125,29.52695173705117],[-95.60811901452841,29.527025708842537],[-95.60804510384179,29.527123660648996],[-95.60783819398408,29.527274759419722],[-95.60658425454359,29.528377731634407],[-95.60556313327194,29.52941270205199],[-95.60527624011627,29.529631411892378],[-95.60450398451765,29.530192844501634],[-95.60401726921188,29.53048076107891],[-95.60368463743522,29.530578083463993],[-95.60320667531357,29.530721918983765],[-95.60267487176706,29.5308819571852],[-95.60167433539014,29.530987873035624],[-95.60128806430953,29.530986840522896],[-95.60073536954278,29.53090543456081],[-95.60015108462072,29.53077037059884],[-95.59970615894197,29.53066540105875],[-95.59931096579399,29.530473884400116],[-95.59885551724999,29.530081836336546],[-95.59843248171808,29.529620380037233],[-95.59783841054933,29.528768273064266],[-95.59739626964794,29.527876125741187],[-95.5970087849434,29.526950254269337],[-95.59694084356184,29.52684132876018],[-95.59656743815273,29.525571012325297],[-95.59628514526965,29.524984818408786],[-95.59589898558015,29.524302307367833],[-95.59543764139295,29.523830756797057],[-95.59481441540166,29.52354242576594],[-95.5939111737565,29.52336449439396],[-95.59281433977776,29.523557909123735],[-95.59170728207276,29.52416991805238],[-95.59114297927589,29.52474552594328],[-95.5906819369226,29.52553443861922],[-95.59038386243662,29.52618900590684],[-95.59020529262949,29.52666962432561],[-95.59002227795835,29.527291064494722],[-95.58990069817116,29.52778442934062],[-95.58959042546194,29.5285763956072],[-95.5893742638551,29.529232898062958],[-95.58925119286455,29.529606672678028],[-95.58901384179681,29.529945369825565],[-95.58876213385422,29.530242365626666],[-95.58840523498844,29.53054124894461],[-95.58814531734245,29.530769062955017],[-95.5875618130564,29.531085148817514],[-95.58690165552714,29.531334903011295],[-95.58586748083609,29.53145099965138],[-95.58541565609595,29.531444052693526],[-95.58511026752691,29.53137318087806],[-95.58435357344396,29.531136503170476],[-95.58383557520673,29.53090718147061],[-95.58332758869334,29.5305356431807],[-95.58325103785809,29.53043866154061],[-95.58294081365787,29.530151018410788],[-95.58262398504368,29.52980273612022],[-95.58232542097585,29.529424693767186],[-95.58203728095859,29.528993974414345],[-95.58186264936568,29.52863857371978],[-95.58177020733304,29.528450421284756],[-95.58164516543874,29.52805411874383],[-95.58159541494167,29.527878548820564],[-95.58155238204631,29.52772668728984],[-95.58156399995788,29.527379252550112],[-95.5816251150416,29.526844070776104],[-95.58164157038098,29.526610152632426],[-95.58180531618929,29.52610784386718],[-95.58207010899233,29.525426702831556],[-95.58237450492298,29.524595382496404],[-95.58262681024526,29.523770281333793],[-95.58281948000906,29.523177990863427],[-95.58293292195809,29.522629045728728],[-95.58304759998896,29.522042334488532],[-95.58304679959005,29.521807974533637],[-95.58315487051198,29.5211605985936],[-95.58326802949169,29.520619220261096],[-95.58338563513205,29.52032647052603],[-95.58366503633825,29.5196917244437],[-95.58403090128884,29.51921245414976],[-95.58435392468523,29.518887021048563],[-95.58518718846805,29.518471150775117],[-95.58564295052409,29.518326063513175],[-95.58617413243643,29.518263745389564],[-95.5864436360048,29.518268265252743],[-95.58699217426674,29.518287326534512],[-95.58755969213401,29.518455019381925],[-95.58799473095475,29.51864430199783],[-95.58850723419738,29.518923213339153],[-95.58918359104615,29.519269122307154],[-95.58988256567717,29.51955362188327],[-95.59065731230405,29.519736711369266],[-95.59146755226614,29.5196004216383],[-95.59230376701467,29.519313326152552],[-95.59266468763795,29.519064685133714],[-95.59308999321259,29.51879239525522],[-95.59355055766213,29.518328857352838],[-95.59387848316501,29.51782195241246],[-95.5944117662368,29.517100618098404],[-95.59462791616552,29.51670297109012],[-95.59487644497034,29.516183469826682],[-95.5949326831004,29.51570964566424],[-95.59493633205706,29.51533466742844],[-95.59493934141328,29.515278351975905],[-95.5949421360721,29.51522610621106],[-95.59492991808594,29.515028198543177],[-95.59491817710519,29.514959042869258],[-95.59485001114477,29.514703967592308],[-95.59482631538422,29.51455268979139],[-95.59481564429696,29.514446845071323],[-95.59478327440401,29.514292235877207],[-95.59471017489608,29.514138100184212],[-95.5945452316335,29.513886597765488],[-95.59434366315848,29.51362924880616],[-95.59421954652895,29.513462631467664],[-95.5942080714495,29.51337394112492],[-95.59413034382122,29.513248130022006],[-95.59376425788506,29.51289376847286],[-95.59343157131117,29.512624443609813],[-95.59307646727935,29.512356685455664],[-95.59277624132824,29.512191301202634],[-95.59237674794498,29.512059447183262],[-95.59203417271644,29.511994969885244],[-95.59165052022489,29.51190356945156],[-95.5911580503114,29.511836911718902],[-95.59068561103213,29.511824856159908],[-95.59001862271346,29.511931822322893],[-95.58905877822227,29.512148532684837],[-95.58830763213452,29.512615995950462],[-95.587602926252,29.513025158607505],[-95.58715086884821,29.513249956193594],[-95.58676228819903,29.513367150839397],[-95.58626045784028,29.51348422183311],[-95.58578117519517,29.51352020967407],[-95.58522303484114,29.513617355282637],[-95.58409508591589,29.51361471297203],[-95.58313438083866,29.51278985138947],[-95.58258503229634,29.51191548350227],[-95.5825467452006,29.5109833009506],[-95.58307491775673,29.509721501481593],[-95.58383098751058,29.5089108562058],[-95.58443334923108,29.508272126449143],[-95.58492047416861,29.507884129607184],[-95.5857054696746,29.507389308969415],[-95.58662352364045,29.50682639027709],[-95.5873897982559,29.506402600804723],[-95.58780584130166,29.50618438723777],[-95.58817057886655,29.50590969304689],[-95.58847976461432,29.50558659700426],[-95.58867045269461,29.505262507809704],[-95.58881257156246,29.50492288915319],[-95.58882115227004,29.50466566673265],[-95.58882735064552,29.504479900398337],[-95.58882053692409,29.504193682226457],[-95.58873444687883,29.503833922540355],[-95.58850228987005,29.50344183302437],[-95.58829755573197,29.503207787293736],[-95.58807552363479,29.503001879892874],[-95.5878044749641,29.50279471957798],[-95.5874489082999,29.502671228317517],[-95.5871561464505,29.502612179565983],[-95.58704292099546,29.5025893398568],[-95.58653840018245,29.502519245302157],[-95.58599932746866,29.50250547016139],[-95.58553907832777,29.502579514550586],[-95.58501394207731,29.502637607138798],[-95.58443694967873,29.50278017906085],[-95.5840408663003,29.50291017815287],[-95.58371309530763,29.503057608766063],[-95.58255354904057,29.503612233693804],[-95.58215306122229,29.503827388835127],[-95.58156734797895,29.504142051506896],[-95.58096371065074,29.504550204686783],[-95.58052838077583,29.50491884716537],[-95.5799898632209,29.505542875013838],[-95.57950383782126,29.506263674851482],[-95.57918687356147,29.50675227706779],[-95.5789915852086,29.507369200372732],[-95.57884678576794,29.508202933324114],[-95.57881743151941,29.50880913888773],[-95.5788364165146,29.509739590276887],[-95.57876404194714,29.510404781628072],[-95.57866242182725,29.51111304168937],[-95.57838429263549,29.512092255329332],[-95.57797324601935,29.512740320158493],[-95.57775928259005,29.512983919552056],[-95.57732127304067,29.513430378808383],[-95.57693068016522,29.513760396426058],[-95.57689127287036,29.513793714501794],[-95.5763270652949,29.51407404713452],[-95.57602125092441,29.514170746617168],[-95.57525733887816,29.514224668204175],[-95.5746291667629,29.51419882765365],[-95.574279740982,29.513995130713372],[-95.57406034364354,29.51373145456362],[-95.57395384656998,29.513587515931494],[-95.57381767095605,29.51299974146112],[-95.5736450470978,29.512669106121283],[-95.5734720908629,29.512017096851878],[-95.5735103123816,29.51154092352545],[-95.57331965484401,29.510848927276307],[-95.57326714023083,29.51065827292556],[-95.57297290065276,29.509637996530856],[-95.57254510315153,29.50895023783668],[-95.57222853325216,29.50859641161977],[-95.57187406163429,29.508377948699824],[-95.57165779582289,29.508187397582326],[-95.57146328720769,29.5080119870722],[-95.57105420071551,29.507928461166532],[-95.57058092240976,29.50771990604738],[-95.57005445755098,29.50748237401397],[-95.56941959927507,29.5073752397538],[-95.56913119874636,29.507343491759414],[-95.5682996139148,29.50740976546158],[-95.56742354091713,29.50747491567941],[-95.56646419229597,29.507533025785584],[-95.56548621890404,29.50748354670803],[-95.56507073550873,29.507424180226476],[-95.56435150566469,29.507293687361482],[-95.56377868504232,29.507113427368008],[-95.56324037499819,29.506899949917347],[-95.5626489116387,29.506612076474028],[-95.56198578966902,29.5061373311011],[-95.56158800667805,29.50571809669499],[-95.56124188490077,29.50525150613385],[-95.56034850316419,29.504673430964957],[-95.55922128726421,29.50429261151831],[-95.55893000943166,29.504134635926444],[-95.55795665338027,29.50415107842151],[-95.5575708727798,29.504156690338036],[-95.55649484827462,29.504051130276597],[-95.55559224982323,29.50407974810499],[-95.55519541724983,29.50400864290327],[-95.55497982876817,29.504780228775612],[-95.55478496262347,29.505216501220175],[-95.55476586623716,29.505783388727064],[-95.5546376982057,29.506378985618642],[-95.55440364036177,29.506908810062555],[-95.55403405548759,29.507182971483353],[-95.55366022248042,29.5075831052577],[-95.55364748616633,29.507961031423026],[-95.55377239960153,29.508531631127607],[-95.5538295504199,29.508974399672177],[-95.5543505148942,29.5095552091853],[-95.55512139786707,29.51020549955375],[-95.55547401895544,29.51043523560943],[-95.55604585412593,29.510576053980994],[-95.55633389443022,29.510583475343807],[-95.55698304220735,29.51056867639686],[-95.55763218908618,29.510553875884234],[-95.55838829207767,29.5105733459222],[-95.55910838969423,29.510591884865953],[-95.55954044970152,29.510603007136137],[-95.55997356792416,29.510582634157064],[-95.56058882855385,29.510503904202753],[-95.56123585720522,29.51055207311723],[-95.56226729652623,29.51095685526498],[-95.5629778720008,29.511258817865496],[-95.56365985409988,29.511339394546344],[-95.5642391120496,29.511259723151547],[-95.5648151953531,29.511274529033372],[-95.56595149771218,29.511776540879705],[-95.56716193713335,29.512217404936894],[-95.56783547506876,29.51254991093306],[-95.5680409413338,29.512870396363123],[-95.56799330816587,29.513215903092217],[-95.5679425057416,29.513655891575947],[-95.56792714455024,29.51411358623255],[-95.56792453674096,29.514191286167293],[-95.56794151759479,29.51475909824681],[-95.56813747609087,29.51536302722152],[-95.56823281339365,29.515743724505455],[-95.56824979694242,29.516311536474298],[-95.56816087181413,29.51681358900256],[-95.56793425920729,29.51712298002869],[-95.56773942450363,29.517559268852594],[-95.56757848143901,29.518059471126715],[-95.56716548098714,29.51855320149212],[-95.56661690589428,29.518791278975165],[-95.56620389915419,29.519285004206658],[-95.56615414236892,29.519693497343198],[-95.56617957547124,29.52000936063352],[-95.56660427378476,29.520240915333616],[-95.56706921033478,29.52034741843593],[-95.56716560495465,29.52069662362909],[-95.5673149884982,29.521614565838796],[-95.5634177446561,29.521669281561522],[-95.56343690751773,29.52170475526906],[-95.56381392954417,29.522402693889596],[-95.56422263425236,29.522921241627966],[-95.5660364801347,29.52490186305323],[-95.56860129962826,29.527333415468792],[-95.5687146544407,29.527850566158573],[-95.56882223128923,29.52829771175668],[-95.56912160024756,29.528831248322714],[-95.56887522200952,29.52962600304756],[-95.5684566520029,29.53019582794747],[-95.5684596029686,29.5302022247302],[-95.56957377892391,29.53065689862912],[-95.57057956954694,29.53114533774545],[-95.5714305031914,29.53173832878551],[-95.57228714473118,29.532594714237952],[-95.57321257206888,29.534218992966903],[-95.57457812089521,29.536845318418763],[-95.57458208426225,29.536851518607047],[-95.5745610520065,29.53685871373236],[-95.57475511685395,29.537309992284058],[-95.57515829243157,29.538438644096495],[-95.57568979234752,29.53968626691389],[-95.5761007302675,29.5405837362903],[-95.5765634794198,29.54125115152967],[-95.57724396762056,29.54200126695816],[-95.57797497617459,29.542559857261224],[-95.57910127130141,29.543167119138793],[-95.5805800869053,29.543783387461957],[-95.58179969183729,29.544238760708183],[-95.58245034249589,29.544563893423454],[-95.58297009244794,29.544847116770402],[-95.58348727142162,29.545207396484027],[-95.58412634549116,29.545879289668402],[-95.58471739023571,29.546764760517135],[-95.58486163451751,29.54698069448387],[-95.58509929909728,29.547958515328506],[-95.5851011271689,29.54798932530243],[-95.58537761603692,29.54910923354034],[-95.58551557750162,29.549047659591437],[-95.58862991801406,29.548301523390876],[-95.59081293464725,29.54797790705292],[-95.5921563157473,29.547961602187467],[-95.59353233264163,29.548270257908747],[-95.5946071318448,29.54864958801448],[-95.59547478044173,29.548967039486236],[-95.59608248084999,29.549116437171016],[-95.59674342350678,29.54920022368846],[-95.59709051815952,29.549215659355504],[-95.59708693298322,29.54922289736345],[-95.59597619847378,29.551465356831095],[-95.59594959037504,29.55146521304317],[-95.59269126699057,29.551542595929547],[-95.59264912881721,29.551543596192673],[-95.58860650971437,29.551639494029896],[-95.58869674368803,29.553459275719455],[-95.58906285567535,29.564322718613543],[-95.58941607414337,29.564319354091456],[-95.58945461636064,29.564318986072426],[-95.5903091109269,29.564310845897396],[-95.60232826669615,29.56419574728402],[-95.60367583125048,29.564182776745156],[-95.60625800799198,29.56415788268225],[-95.60999126797222,29.56412180268861],[-95.61000060775622,29.566479451124113],[-95.61097563467403,29.566188272616888],[-95.61164302274301,29.566016552186305],[-95.61285906405828,29.56589337797671],[-95.61325168083805,29.565883813537337],[-95.61419619647722,29.565967581462683],[-95.61503488967762,29.566184166662993],[-95.61572096360283,29.566431151796426],[-95.6165432400914,29.56672617691245],[-95.61719750557072,29.566902996703035],[-95.61794346748097,29.567019372059466],[-95.6187629142764,29.567078788728022],[-95.61939517103124,29.56713622233346],[-95.62024224730987,29.567311948320402],[-95.62128273985232,29.567684484370115],[-95.62229886469439,29.568265940424464],[-95.62302194651434,29.568877182579925],[-95.62341339548423,29.569277169169336],[-95.62413310053705,29.570355791429098],[-95.62439155123417,29.570963818364554],[-95.62459212976576,29.57170399621252],[-95.62466000018043,29.572698805276],[-95.6246349910829,29.573485363169606],[-95.62460421210632,29.574411051388353],[-95.62360287353386,29.57441333037822],[-95.62288987889622,29.57446270405219],[-95.6222297707743,29.57455659490656],[-95.62158050262292,29.57469200115287],[-95.62075403908682,29.574985618498],[-95.62024171999879,29.575250201356642],[-95.6198300283923,29.575491068064164],[-95.6188125138565,29.576095544474484],[-95.6168115336291,29.577289620691744],[-95.6161539057557,29.577675198894863],[-95.61553075073131,29.57801477480817],[-95.61479592074407,29.578358148788983],[-95.6154729800754,29.579704374870815],[-95.6163273722337,29.581843250595472],[-95.61691961622914,29.583221105162526],[-95.61745987651574,29.584088913012543],[-95.6177715137659,29.584561651901232],[-95.61841312377949,29.584953337067002],[-95.61883641622957,29.58514282795967],[-95.61934324032299,29.585280791698434],[-95.61967025403587,29.585289055955272],[-95.62007902072781,29.585299386470577],[-95.62015834286571,29.585144331761242],[-95.62046159524101,29.584953642515067],[-95.62054205374773,29.58490304905464],[-95.62082826059053,29.58523790254623]]]},"properties":{"OID":11,"uid":"5b4e5bc0-d139-4cb7-bf20-8bb2f5832753","name":"FORT SETTLEMENT MS","address":"5440 Elkins Rd","city":"Sugar Land","state":"TX","zip":"77479","lat":29.556356500009187,"lng":-95.63101880037755,"phone":"(281) 634-6440","fax":"","website":"https://www.fortbendisd.com/fsms","email":null,"enroll_url":"https://www.fortbendisd.com/newstudent","bus_url":null,"fill_color":"#eaaab9","zone_searchable":true,"ne_x":-95.55364748616633,"ne_y":29.606964802393993,"sw_x":-95.66839936392797,"sw_y":29.50250547016139,"schools":[{"code":"051","fax":"","lat":29.556356500009187,"lng":-95.63101880037755,"zip":"77479","city":"Sugar Land","name":"FORT SETTLEMENT MS","email":null,"phone":"(281) 634-6440","state":"TX","address":"5440 Elkins Rd","website":"https://www.fortbendisd.com/fsms","enroll_url":"https://www.fortbendisd.com/newstudent","bus_url":null,"fill_color":"#eaaab9"}]}},{"type":"Feature","id":12,"geometry":{"type":"MultiPolygon","coordinates":[[[[-95.44833736557145,29.52526228652691],[-95.44879532670329,29.525255002249107],[-95.44945605017118,29.52294042006641],[-95.45164019419003,29.522931787229123],[-95.45123418712265,29.524386813257625],[-95.45441916665744,29.52437725348844],[-95.4545014074217,29.52417221771714],[-95.4555610978601,29.52153730231337],[-95.45653860682305,29.519094463460252],[-95.45713662518915,29.517599970567016],[-95.45763703710804,29.516343734276237],[-95.45867514103016,29.513754370715688],[-95.45918254723189,29.512552290601047],[-95.4598599533129,29.510928846033565],[-95.4603458421686,29.509726616659854],[-95.46090977396126,29.50833128135034],[-95.46128009635231,29.50738788609931],[-95.46127829882342,29.507386938561588],[-95.46108334554215,29.507284207284464],[-95.4594230424031,29.506421383653446],[-95.45782915350965,29.50559304146956],[-95.45483399428262,29.50403637337496],[-95.45175339179731,29.5024750059763],[-95.44820265151648,29.500675352672975],[-95.44621538227528,29.499645729440335],[-95.44615295385461,29.499876764662663],[-95.4458682615714,29.500930306929032],[-95.44338305167663,29.510126017237994],[-95.44334469181737,29.51026796648572],[-95.44334419684566,29.51026979974698],[-95.44314553262394,29.511004817576893],[-95.44274673004513,29.512527053140058],[-95.4412228953708,29.518343192391583],[-95.44121584000256,29.518370114554955],[-95.44114964045431,29.518622719768587],[-95.44113995122567,29.51865971965983],[-95.44109536873643,29.518829927427834],[-95.44102841370506,29.519085482435454],[-95.44093117556712,29.51945649213502],[-95.44088840767476,29.519619735940662],[-95.44088041266872,29.519650244995326],[-95.44080296261987,29.519945845982555],[-95.44072084492481,29.520259261772424],[-95.44067608816239,29.520430094551813],[-95.44065757478272,29.520500693405435],[-95.44059010591498,29.520758239857056],[-95.44050183925181,29.5210950256914],[-95.44045389796172,29.52127805688844],[-95.44043321245567,29.521357005151373],[-95.4403651830392,29.521616588844456],[-95.44027931847108,29.521944308973925],[-95.44023649398486,29.522107663673374],[-95.44022261052214,29.52216073759577],[-95.44019680282236,29.522259188917324],[-95.44014658789628,29.522450760212582],[-95.44005843172587,29.52278727776958],[-95.44001498201222,29.522953005841398],[-95.44001343241834,29.522958937984544],[-95.44001004666804,29.52297189818018],[-95.43992641171847,29.523290999873304],[-95.4398379878501,29.5236284776547],[-95.43979402699505,29.523796290625963],[-95.43970587172295,29.524132694274158],[-95.43961694479803,29.524471985055307],[-95.43957289680638,29.524640063174655],[-95.43948521494644,29.524974698245167],[-95.43948477656858,29.524976367872917],[-95.44844943489473,29.52484134836543],[-95.44833736557145,29.52526228652691]]],[[[-95.54270687916821,29.540116788327964],[-95.54368364342777,29.540314924364633],[-95.54448743079116,29.540606351719514],[-95.54535466616309,29.541118641377885],[-95.54596093465676,29.54165026198228],[-95.54656589969495,29.542419721911745],[-95.54717593392631,29.543397742399314],[-95.54805040073627,29.54478753697754],[-95.54981645175391,29.547656478620123],[-95.55072892538523,29.547258210099216],[-95.55110141720769,29.54703571689495],[-95.55135107968638,29.54651992955598],[-95.55137161517379,29.54591119281186],[-95.55087181321095,29.542039618940382],[-95.55089528259607,29.541343921271594],[-95.55111080639904,29.54085626527856],[-95.55143164149939,29.540197249023116],[-95.55180899500415,29.539829815938038],[-95.55237742016986,29.539699410974507],[-95.55255313243607,29.539698316808508],[-95.56268285088846,29.539634864538904],[-95.5626446617091,29.53832669382657],[-95.56226396736979,29.52923008029392],[-95.56225930331684,29.52911861850904],[-95.56206892874856,29.524568980232633],[-95.56196514279054,29.522088587477565],[-95.56211764887802,29.521840343339115],[-95.56255547337443,29.52168138753914],[-95.5673149884982,29.521614565838796],[-95.56716560495465,29.52069662362909],[-95.56706921033478,29.52034741843593],[-95.56660427378476,29.520240915333616],[-95.56617957547124,29.52000936063352],[-95.56615414236892,29.519693497343198],[-95.56620389915419,29.519285004206658],[-95.56661690589428,29.518791278975165],[-95.56716548098714,29.51855320149212],[-95.56757848143901,29.518059471126715],[-95.56773942450363,29.517559268852594],[-95.56793425920729,29.51712298002869],[-95.56816087181413,29.51681358900256],[-95.56824979694242,29.516311536474298],[-95.56823281339365,29.515743724505455],[-95.56813747609087,29.51536302722152],[-95.56794151759479,29.51475909824681],[-95.56792453674096,29.514191286167293],[-95.56792714455024,29.51411358623255],[-95.5679425057416,29.513655891575947],[-95.56799330816587,29.513215903092217],[-95.5680409413338,29.512870396363123],[-95.56783547506876,29.51254991093306],[-95.56716193713335,29.512217404936894],[-95.56595149771218,29.511776540879705],[-95.5648151953531,29.511274529033372],[-95.5642391120496,29.511259723151547],[-95.56365985409988,29.511339394546344],[-95.5629778720008,29.511258817865496],[-95.56226729652623,29.51095685526498],[-95.56123585720522,29.51055207311723],[-95.56058882855385,29.510503904202753],[-95.55997356792416,29.510582634157064],[-95.55954044970152,29.510603007136137],[-95.55910838969423,29.510591884865953],[-95.55838829207767,29.5105733459222],[-95.55763218908618,29.510553875884234],[-95.55698304220735,29.51056867639686],[-95.55633389443022,29.510583475343807],[-95.55604585412593,29.510576053980994],[-95.55547401895544,29.51043523560943],[-95.55512139786707,29.51020549955375],[-95.5543505148942,29.5095552091853],[-95.5538295504199,29.508974399672177],[-95.55377239960153,29.508531631127607],[-95.55364748616633,29.507961031423026],[-95.55366022248042,29.5075831052577],[-95.55403405548759,29.507182971483353],[-95.55440364036177,29.506908810062555],[-95.5546376982057,29.506378985618642],[-95.55476586623716,29.505783388727064],[-95.55478496262347,29.505216501220175],[-95.55497982876817,29.504780228775612],[-95.55519541724983,29.50400864290327],[-95.55494955374647,29.503964587956546],[-95.55384187620392,29.503725727392023],[-95.55366883462905,29.503595687128406],[-95.55327412567298,29.503299061885873],[-95.55294643283376,29.50284542451381],[-95.55228748803013,29.502818263671514],[-95.55216301926099,29.502387366175956],[-95.55213732115567,29.502228702722693],[-95.55211625925551,29.501812578710357],[-95.55211507437765,29.50177587523284],[-95.5521203950991,29.50168991265777],[-95.55216463892346,29.50146742007421],[-95.5521703728699,29.501450956815443],[-95.5521725297249,29.501438188542807],[-95.55217196019302,29.50142987911806],[-95.55217221531457,29.50142233433488],[-95.55238808856217,29.50081830733565],[-95.55268387414083,29.500336835896245],[-95.55281303930226,29.50019073359823],[-95.55292519396549,29.500041686629192],[-95.55332890044744,29.49969784876699],[-95.55370027296904,29.499594777399235],[-95.55381063010338,29.49962748950699],[-95.55391508800126,29.499634984385047],[-95.55409097633726,29.499603932161907],[-95.55460291633621,29.499147593327788],[-95.55466145774665,29.4989998911891],[-95.55467115775508,29.498969690218676],[-95.55488044096178,29.498838225548305],[-95.55501829552693,29.498746034500584],[-95.55514572604157,29.498712490205083],[-95.5553176662819,29.498501694041824],[-95.55537567948295,29.49840747530893],[-95.55537835825913,29.49840515629401],[-95.5195837290203,29.49964047223672],[-95.5024935960486,29.500159908282743],[-95.50144970787437,29.500259464651485],[-95.50056200618533,29.50040171701742],[-95.49941096965897,29.500868053152864],[-95.49691041564083,29.502071316543883],[-95.49567144662457,29.502342240190714],[-95.48758132158372,29.504002350010776],[-95.48756773456506,29.503994270652317],[-95.48604525095689,29.50434414365171],[-95.48667294786337,29.50739347281891],[-95.48668028620092,29.50742912196203],[-95.48862567059369,29.507401562069415],[-95.48960386946275,29.507387692995493],[-95.491241667109,29.507373744176316],[-95.49321298676232,29.507356262414614],[-95.49484694860227,29.507346077944234],[-95.49575291753261,29.507320751623972],[-95.49705886134322,29.507305365851966],[-95.49859501102178,29.50728536669027],[-95.49898615007291,29.507272703132408],[-95.49932007093199,29.507261891651858],[-95.50025046864818,29.50725656839082],[-95.50045073995592,29.507661047870943],[-95.50068015620477,29.50815161501999],[-95.50106331372457,29.508646206777133],[-95.5013588334019,29.509003903434188],[-95.50159929713212,29.509171716422205],[-95.5017764251432,29.509391713047645],[-95.50201321117063,29.509667110773428],[-95.50252029487716,29.510138021402188],[-95.50296588530922,29.510607320953646],[-95.50317100931616,29.51090880693569],[-95.5031845604022,29.510917982564923],[-95.50368363293302,29.51180426296969],[-95.50366840648896,29.51224965798269],[-95.50389412706872,29.512478041649146],[-95.5040639436917,29.513597245577824],[-95.50476791834558,29.514611694836706],[-95.50523969287154,29.515216268841673],[-95.50854277481506,29.516419413297964],[-95.50855106896009,29.51674450881245],[-95.49952149298163,29.516859020445004],[-95.49669592849371,29.51689277526571],[-95.49669231187636,29.516894309006933],[-95.49476941141684,29.516921822538535],[-95.49336430168373,29.51694059639981],[-95.48705348948909,29.517023836575884],[-95.48705203242169,29.517025908140063],[-95.48585999588744,29.517041277581853],[-95.48050649403656,29.517177051696752],[-95.4800694906003,29.517185165962232],[-95.48001546861406,29.51720904441248],[-95.48056072982183,29.517495994996533],[-95.48056699557094,29.5174992930677],[-95.48562468219875,29.52011381202109],[-95.488768164059,29.521736404174828],[-95.48945800821346,29.522092476351585],[-95.49382122705804,29.524346154919783],[-95.49953767613147,29.527338886967623],[-95.50089691608956,29.52804579743446],[-95.50281733180901,29.529047112725898],[-95.50427240673655,29.52980048269928],[-95.50584389524008,29.53052420810926],[-95.50632039400612,29.530711286653606],[-95.50635396045503,29.530721469554226],[-95.51213585449185,29.53247542137305],[-95.51593807094994,29.533613006055795],[-95.51595474188497,29.53361789961687],[-95.52022170534856,29.53487030971897],[-95.52391819099603,29.535984054412094],[-95.53322090871977,29.538748105760142],[-95.53445161233711,29.53910466592137],[-95.5371977522792,29.53990024572453],[-95.53800453103248,29.540039270083856],[-95.53901083010196,29.54012349788218],[-95.54046147004695,29.54010669156165],[-95.5416202922719,29.540080327734817],[-95.54270687916821,29.540116788327964]]]]},"properties":{"OID":12,"uid":"6d14e865-8974-4e30-ba04-b1dcc2936dbd","name":"BAINES MS","address":"9000 Sienna Ranch Rd","city":"Missouri City","state":"TX","zip":"77459","lat":29.512923099888425,"lng":-95.53314509989295,"phone":"(281) 634-6870","fax":"","website":"https://www.fortbendisd.com/bms","email":null,"enroll_url":"https://www.fortbendisd.com/newstudent","bus_url":null,"fill_color":"#6c97f7","zone_searchable":true,"ne_x":-95.43948477656858,"ne_y":29.547656478620123,"sw_x":-95.56824979694242,"sw_y":29.49840515629401,"schools":[{"code":"052","fax":"","lat":29.512923099888425,"lng":-95.53314509989295,"zip":"77459","city":"Missouri City","name":"BAINES MS","email":null,"phone":"(281) 634-6870","state":"TX","address":"9000 Sienna Ranch Rd","website":"https://www.fortbendisd.com/bms","enroll_url":"https://www.fortbendisd.com/newstudent","bus_url":null,"fill_color":"#6c97f7"}]}},{"type":"Feature","id":13,"geometry":{"type":"Polygon","coordinates":[[[-95.67979760417288,29.706404864111214],[-95.67984999841181,29.70643413772183],[-95.679850303839,29.70643431561996],[-95.68095362814569,29.70707545221019],[-95.68099824746587,29.70710137913397],[-95.68136518590322,29.70731460089025],[-95.68205379307753,29.7077147355264],[-95.68238039266706,29.707904510444475],[-95.68242734760695,29.70793179477766],[-95.68293256461432,29.70821865707505],[-95.68299685973415,29.708255002260106],[-95.68306666511994,29.708294460591702],[-95.6831978299312,29.708368606041216],[-95.68339238436049,29.708478582362343],[-95.68345060327574,29.70851149206173],[-95.6836826183507,29.70864264388301],[-95.68394312079994,29.7087898972786],[-95.68405103810997,29.708850900844805],[-95.68449883929594,29.709104023974145],[-95.68476791436794,29.709256121940513],[-95.68479046118327,29.709268866266395],[-95.68513342178906,29.709462725879987],[-95.68556960416515,29.70970927637415],[-95.6864646828193,29.71021357100418],[-95.68682627717904,29.710408213699353],[-95.68789560923538,29.710995430486904],[-95.68800833073556,29.711059438116965],[-95.68814813464489,29.711138823032293],[-95.689126464668,29.71169432999129],[-95.7015928188537,29.71864483039211],[-95.70159795542048,29.715234992305877],[-95.70152707834457,29.712005240150223],[-95.70148322708397,29.706713438966535],[-95.70148133433366,29.706425120314577],[-95.70147378040045,29.7062153454043],[-95.70165647886462,29.70620050960269],[-95.7017702127661,29.70619133378238],[-95.70177199412532,29.70619115588382],[-95.70373970434785,29.705993686721058],[-95.70406320564797,29.705961221724195],[-95.70446375904325,29.705921018889022],[-95.70623724272157,29.705782130356138],[-95.70707096644182,29.70571683817429],[-95.70909331040329,29.705554801334554],[-95.70912347403389,29.70555238408338],[-95.71237992173607,29.705291397865828],[-95.71540285866833,29.705022276697882],[-95.71543647991447,29.70501928359769],[-95.71549727968953,29.705013870112218],[-95.71558391591047,29.70500693588789],[-95.71822722480367,29.704781359933918],[-95.7183541378887,29.704770834120467],[-95.71913841384414,29.704706170957692],[-95.7196083135861,29.704668041574333],[-95.71983324813999,29.704649975231213],[-95.72004659442669,29.70463283818518],[-95.72197253388683,29.70446653151815],[-95.7224874023936,29.704424577157393],[-95.72405997336705,29.704296416850468],[-95.72405313179785,29.703847962556434],[-95.72390319489207,29.70386052966598],[-95.72358243884347,29.703887177613367],[-95.72339367315787,29.703902859574438],[-95.72322020578156,29.70391726968557],[-95.72304725942813,29.703931654045594],[-95.72287416934424,29.703946235812943],[-95.72269968327839,29.703960940861478],[-95.72251763519449,29.70397628261155],[-95.7223354990757,29.70399162982116],[-95.7221524062511,29.704007058957156],[-95.7220076849639,29.704019253856274],[-95.72199392816363,29.70419531857042],[-95.72008908563795,29.704357120401156],[-95.72000682511076,29.70436410616824],[-95.71980842768868,29.70438095299937],[-95.71961218352834,29.704397616464004],[-95.71953711581162,29.704403992056495],[-95.71835476401445,29.704504383982215],[-95.7176370325603,29.704565322268337],[-95.71760681143753,29.702260324317994],[-95.71764579293097,29.702249980827617],[-95.71767537714823,29.702242905960716],[-95.71770701042264,29.70223556111378],[-95.71773771573736,29.702229288381613],[-95.71777328363272,29.7022224998788],[-95.71780884613818,29.702216179548273],[-95.71785189250829,29.702209582215144],[-95.71788892914914,29.702204703075363],[-95.71793086070997,29.70219987777526],[-95.71797377323108,29.702195956828618],[-95.71798664698743,29.70219492528797],[-95.71802177919987,29.702192653089565],[-95.71806719352907,29.702190407420865],[-95.71810895979989,29.70218815707038],[-95.7181526826014,29.70218776536582],[-95.71818549985537,29.702188083723353],[-95.71821832519414,29.702188925654028],[-95.71824738030371,29.702190109350884],[-95.71827573472734,29.70219166134361],[-95.7183022808423,29.702193471611622],[-95.7183469962822,29.70219730360554],[-95.71837596156021,29.702200314736476],[-95.71840563740562,29.702203833834766],[-95.71842523056029,29.702206411905742],[-95.71844517226127,29.702209263077435],[-95.71846304963374,29.7022120135919],[-95.71848245773546,29.702215211991426],[-95.71850233745269,29.702218715483397],[-95.71855046020248,29.702227479674793],[-95.71900297395042,29.70230989518442],[-95.71939077935353,29.70238007417465],[-95.71945253852931,29.702388805579897],[-95.71971312542018,29.7024210196991],[-95.71992723976648,29.70244749012329],[-95.7201730772187,29.702477879915676],[-95.7202328214733,29.702485264539444],[-95.72037711067087,29.70250310186801],[-95.72045060543752,29.702512033015715],[-95.72058866751354,29.702527978147636],[-95.7207504415198,29.70254528409443],[-95.7208949265501,29.702559488405075],[-95.72100431709718,29.70256946044791],[-95.72106331664841,29.70257455804974],[-95.72120550199158,29.702586039942364],[-95.7213300929316,29.702595170055254],[-95.72139289684806,29.702599442894766],[-95.72145765549858,29.702603616637937],[-95.72152276179712,29.702607578143457],[-95.72161247205295,29.70261153496715],[-95.72161043736884,29.702638507844277],[-95.72159880777917,29.702792697398948],[-95.7215946476811,29.70284795860555],[-95.72158740187001,29.702944235318398],[-95.72157619987841,29.70309306231326],[-95.72156489008898,29.703243953707826],[-95.7215523002003,29.70339312202062],[-95.72154061940664,29.70355093558558],[-95.72151124898843,29.70393090108076],[-95.72150534975195,29.703992397610765],[-95.72193986844815,29.70402015741321],[-95.72194402585129,29.703992000451276],[-95.72199076339889,29.70399475325779],[-95.7221522526392,29.703981053987423],[-95.72233454236991,29.7039655873942],[-95.72251576939364,29.703950212090728],[-95.72269690568753,29.703934841466573],[-95.72287120759874,29.70392005292481],[-95.72304434349671,29.703905362695462],[-95.72321721439167,29.703890695872246],[-95.72339066919157,29.703875977548762],[-95.7235794483519,29.703859958504683],[-95.72388566157436,29.703833976124816],[-95.72407694523771,29.70381758722356],[-95.72408685904517,29.703816902922092],[-95.72410614048444,29.703569411771962],[-95.72412249161924,29.7033592836726],[-95.72413442124622,29.70320600245347],[-95.7241461577354,29.70305518668911],[-95.72415774869751,29.702906223869014],[-95.72416953549235,29.70275476860228],[-95.72418165017227,29.70259909098631],[-95.72419339115304,29.702448227493495],[-95.7242054133065,29.70229373621918],[-95.72421729711938,29.702141019863216],[-95.72422892850568,29.701991538355337],[-95.72424220470727,29.70182095288177],[-95.72425744821932,29.701625066922684],[-95.72427164249912,29.7014426351878],[-95.72429890097811,29.70109235602693],[-95.72432978685421,29.700695449635177],[-95.72434357868877,29.700518220039015],[-95.72435723577603,29.700342713037678],[-95.72437086501552,29.700167565449618],[-95.72437857256065,29.700068528479488],[-95.72438583903299,29.699975133798418],[-95.72439869033145,29.699809987537908],[-95.7244136580607,29.699617637134065],[-95.72442761069371,29.699438327672524],[-95.72444131449336,29.699262219505705],[-95.72445504883574,29.69908571307104],[-95.72447946324853,29.698771942856045],[-95.72448232707765,29.698735152581012],[-95.72449747806324,29.69855034421659],[-95.72453102205426,29.698139377350184],[-95.7245586766903,29.69780055818559],[-95.72457849622039,29.69755774742069],[-95.72460682818615,29.697210638445586],[-95.72460932999422,29.697179987210752],[-95.72464621302315,29.696728107487175],[-95.7246812994215,29.696298234265754],[-95.72468267743716,29.696281354865615],[-95.72471765873263,29.695852761826565],[-95.72475227082053,29.69542869059296],[-95.72475388868637,29.695408869162627],[-95.72478432001493,29.69503601703692],[-95.72481504868585,29.694659522431117],[-95.72482418275565,29.694547605861633],[-95.72483816233812,29.694376320259934],[-95.72487031483877,29.69429824400641],[-95.72484160108901,29.694178133357838],[-95.72465153913447,29.693383097737254],[-95.72504357200928,29.69338527571185],[-95.72562070723998,29.69337679323805],[-95.72562150045238,29.693376808845144],[-95.725955063782,29.693383248346034],[-95.726035144098,29.69338479345161],[-95.72603737910643,29.693717981649083],[-95.7260377716702,29.69377652064968],[-95.7260396509458,29.694056510245247],[-95.72603989708419,29.694093164891886],[-95.72642893138259,29.694083745276348],[-95.72890777671356,29.694023694133747],[-95.73233462045208,29.693970363345226],[-95.73239579662125,29.693968965735152],[-95.73265682188998,29.693963006968552],[-95.732962344308,29.693953347772784],[-95.73311926292014,29.6939498416515],[-95.73332102632959,29.69394498552108],[-95.73350600292132,29.693939718145],[-95.73369929521763,29.693937099283538],[-95.73385621472809,29.693933590820603],[-95.73401608610257,29.693925266024223],[-95.73417300471472,29.69392175912159],[-95.73433279883409,29.693915876046365],[-95.73448684193902,29.693914742974943],[-95.73464943520882,29.693908928570234],[-95.73480619751409,29.69391030745272],[-95.73496599253178,29.69390442437682],[-95.73512298929735,29.693898473409945],[-95.73527990701119,29.69389496416528],[-95.73543954572202,29.69389396609459],[-95.73559654158926,29.693888014346722],[-95.73575346109973,29.693884504321396],[-95.73591037881356,29.69388099507626],[-95.73607297118504,29.693875179108982],[-95.73622701339166,29.693874043696],[-95.73638673025592,29.6938706023412],[-95.73654652527358,29.69386471770231],[-95.73673429921911,29.69385951353053],[-95.73679440908803,29.693855895035135],[-95.73697107985664,29.693848409111553],[-95.73713298142367,29.693844798419303],[-95.73729268211825,29.69383988921986],[-95.7374579110451,29.693836084219484],[-95.7376177545718,29.693832441532358],[-95.7377818462315,29.69382730602997],[-95.73794050757529,29.693822430384845],[-95.73810559187338,29.693818637869484],[-95.7382693511564,29.693815296397982],[-95.73842276903387,29.693811762959463],[-95.73858701430548,29.693805385133942],[-95.73874881705783,29.693801022179752],[-95.73891061981017,29.693796660005802],[-95.73907473302944,29.69379442897609],[-95.73923891092738,29.693790123767606],[-95.73939833853413,29.693785703066627],[-95.73956258470403,29.69377932289835],[-95.73972438655807,29.693774960723395],[-95.73992664044766,29.693769506053552],[-95.74018604066404,29.69376128971273],[-95.74040729841347,29.69375629701137],[-95.74076891253614,29.693748493476438],[-95.74101406008224,29.693739929096175],[-95.7411419280764,29.693735097926957],[-95.74141913739331,29.69372896668832],[-95.74229845600411,29.69368720917416],[-95.74262056761047,29.693684154088228],[-95.74266404786687,29.693683782639706],[-95.74261633744382,29.691809812862427],[-95.74263128451182,29.691526693182073],[-95.74261048222479,29.690587218358708],[-95.74260295164777,29.690293458650068],[-95.74259136607554,29.69017790064091],[-95.74245378100494,29.684922353567373],[-95.74244994340206,29.68478419379374],[-95.74244975385753,29.684777343239247],[-95.7424459432041,29.684640102606078],[-95.74242849522632,29.684011852093963],[-95.74222840088669,29.679167684329773],[-95.74222714773687,29.679127008736394],[-95.7220606765825,29.679720441355443],[-95.7211561548381,29.676418212255214],[-95.7152263046807,29.676541741589514],[-95.71522597050742,29.676541748613896],[-95.71516984197183,29.67223839783409],[-95.71510779982674,29.667863780946522],[-95.7150345179608,29.665036027265852],[-95.71503451616417,29.665035990578716],[-95.71503359179775,29.66500031120464],[-95.71492805771817,29.66092789065872],[-95.7001321689815,29.661116871847476],[-95.69710592535067,29.66114159756585],[-95.69710594780855,29.661142953479608],[-95.69713029215276,29.662573375298578],[-95.69715154988563,29.663681041286118],[-95.69723644247662,29.66810413758078],[-95.69715660829901,29.668206517151237],[-95.69711474950171,29.66822823834497],[-95.69700777452441,29.668283748040853],[-95.69659569125244,29.668287345601367],[-95.6879495890008,29.66833447995462],[-95.687949595289,29.668334860082915],[-95.68796753105197,29.66925186808519],[-95.68801460097622,29.673745937738545],[-95.6880135481507,29.6740075959579],[-95.68801238842568,29.674295879632417],[-95.68801182967357,29.67443445577986],[-95.68798414718978,29.675150974937125],[-95.68789974507895,29.67648648620778],[-95.68776553497887,29.67811836083197],[-95.68774041988014,29.678772994499823],[-95.68772469576942,29.67918287221143],[-95.68772667835125,29.68001223398908],[-95.68775350833384,29.68147145136688],[-95.68790270951938,29.685099352354985],[-95.68790282001217,29.68510202919793],[-95.6879107970519,29.685101858285826],[-95.68791106654648,29.68511596672964],[-95.68723546158759,29.685145905999114],[-95.68680143337154,29.685193055082152],[-95.68630617778236,29.68527853132249],[-95.68574128389403,29.685440469757058],[-95.68527513821167,29.685663488792503],[-95.68476235379633,29.68594399343484],[-95.6837102837665,29.686631389215133],[-95.68256650742426,29.687384918684796],[-95.68213421565166,29.68759899312894],[-95.681748246405,29.687765348010405],[-95.68149660853096,29.687846706236993],[-95.68149798924156,29.687849152788903],[-95.68172529444946,29.688103115483017],[-95.6823407760647,29.688808688212866],[-95.68163142229892,29.688883891429157],[-95.68093857238154,29.689093924944267],[-95.68002224946923,29.689628896247463],[-95.67972920824376,29.68991080075521],[-95.67965235647289,29.6956031542825],[-95.6796763666438,29.695899450169502],[-95.67955213323329,29.696082263411007],[-95.67910232970252,29.696091765554662],[-95.67675808973036,29.69615754233857],[-95.67656763700866,29.696194125208258],[-95.6763581921052,29.69619137843065],[-95.67579654742327,29.696184010511605],[-95.6757940285472,29.696590003741196],[-95.67538982619523,29.696937107057316],[-95.67267263356487,29.696909843927504],[-95.67208106779744,29.696967543775873],[-95.67121016550253,29.69711483145658],[-95.67073906471303,29.697151385885913],[-95.67031426039831,29.697181046114334],[-95.67034448421606,29.70109599767049],[-95.67038381066257,29.701118199443005],[-95.67061632879407,29.70124945845646],[-95.67078150022874,29.701342699014926],[-95.67097530905635,29.70145210639304],[-95.67140083471821,29.701693045188215],[-95.67179437676272,29.70191597041053],[-95.67187495923696,29.701961615809356],[-95.67211044989376,29.702095010151094],[-95.67235221079122,29.70223195384419],[-95.6724359625218,29.702279395320698],[-95.6725929898301,29.702368343347032],[-95.67262150595046,29.702384495277677],[-95.67291061884319,29.702548260882384],[-95.67320139272087,29.70271296568184],[-95.67323926838819,29.702734420365406],[-95.67332798510733,29.702784671404917],[-95.67351420047585,29.7028901492702],[-95.67369224297191,29.70299099761339],[-95.67388487770144,29.70310011137098],[-95.67399544234661,29.703162737475385],[-95.67426757618215,29.7033168794085],[-95.67441594552773,29.70340091856417],[-95.67462364141132,29.703518561091613],[-95.67482520449644,29.70363272890897],[-95.6751265156124,29.703803395575225],[-95.67519482620156,29.703842086304693],[-95.67544387782587,29.703983151363992],[-95.67560635161973,29.70407517684004],[-95.67589114361594,29.70423648261134],[-95.67641527554994,29.70453334681918],[-95.67642289506017,29.70467126564454],[-95.67658186003455,29.704752648414793],[-95.67662679376504,29.704778830305578],[-95.67694204853086,29.704941808618578],[-95.67713940211057,29.70504255814863],[-95.67730165941045,29.705130174936464],[-95.6776200483983,29.705293206517485],[-95.67771529227629,29.705343141830543],[-95.6783534833019,29.70567824726018],[-95.6784288259031,29.705713341046405],[-95.67873212409248,29.70587434144597],[-95.67876255542103,29.705846654720116],[-95.67877626461058,29.70583419865598],[-95.67979760417288,29.706404864111214]]]},"properties":{"OID":13,"uid":"643e5ad2-d9cb-4d55-b976-8a88b0c7e0af","name":"CROCKETT MS","address":"19001 Beechnut St","city":"Richmond","state":"TX","zip":"77407","lat":29.68150590037345,"lng":-95.72751400012605,"phone":"(281) 634-6380","fax":"","website":"https://www.fortbendisd.com/dcms","email":null,"enroll_url":"https://www.fortbendisd.com/newstudent","bus_url":null,"fill_color":"#79a37b","zone_searchable":true,"ne_x":-95.67031426039831,"ne_y":29.71864483039211,"sw_x":-95.74266404786687,"sw_y":29.66092789065872,"schools":[{"code":"053","fax":"","lat":29.68150590037345,"lng":-95.72751400012605,"zip":"77407","city":"Richmond","name":"CROCKETT MS","email":null,"phone":"(281) 634-6380","state":"TX","address":"19001 Beechnut St","website":"https://www.fortbendisd.com/dcms","enroll_url":"https://www.fortbendisd.com/newstudent","bus_url":null,"fill_color":"#79a37b"}]}},{"type":"Feature","id":14,"geometry":{"type":"Polygon","coordinates":[[[-95.7220606765825,29.679720441355443],[-95.72563137114074,29.679615590072906],[-95.73184892563248,29.679432786679186],[-95.74222714773687,29.679127008736394],[-95.7421289798426,29.67594076938946],[-95.7421036590297,29.675119241447597],[-95.74210317393946,29.675103505822833],[-95.74200264796757,29.67184047441264],[-95.74179222749373,29.66501020423329],[-95.74178289040466,29.66470663440399],[-95.74178113958818,29.664649784820874],[-95.74177887942692,29.664563101438855],[-95.74324216944774,29.664540822899987],[-95.74434247811001,29.664532942941864],[-95.74434173161004,29.664452714083286],[-95.7443411899259,29.664386009516157],[-95.74433371055284,29.66346598779382],[-95.74429076299742,29.661052428049135],[-95.7442797002447,29.660734226236887],[-95.74427437682833,29.660418220841798],[-95.74427283981088,29.660326884482924],[-95.74426891237647,29.66009369170244],[-95.74426479719415,29.659849392548754],[-95.74426106199918,29.659627612864238],[-95.74425825206897,29.659460720417584],[-95.74425175365621,29.65907493665024],[-95.74423529741853,29.65809770940816],[-95.74423070073921,29.65782486783453],[-95.74422650201357,29.65757552730027],[-95.7442220769125,29.657312796674415],[-95.74421717480598,29.657021689153353],[-95.74421268143294,29.656754782215188],[-95.74420841802859,29.656501672428693],[-95.74419578412243,29.65593406322298],[-95.74418775048885,29.65573288715642],[-95.74419194831617,29.655510345851727],[-95.74418464231798,29.655384877310645],[-95.74417918145936,29.655142980503943],[-95.74375940232035,29.65480596883949],[-95.74328891238525,29.654371475183833],[-95.74285280636595,29.653702788425978],[-95.74270871300111,29.653158721671694],[-95.74272519169668,29.65264206295548],[-95.7428275726896,29.6519629754466],[-95.74301061161528,29.651285851457775],[-95.74366194050192,29.650267580262533],[-95.7441036708732,29.649698656336124],[-95.74450370504228,29.649183429616976],[-95.74509824243665,29.648257779742014],[-95.7455583433555,29.647328858752086],[-95.74576898840814,29.64662889956348],[-95.74576380333234,29.645947193532862],[-95.74573023778174,29.64531180591604],[-95.74561003331527,29.64486233039041],[-95.7454069287211,29.64448134918171],[-95.74512018199083,29.644192343768978],[-95.74459297422533,29.643850483732923],[-95.74394287064072,29.64355410707571],[-95.74393043885551,29.642944839110385],[-95.74388466609851,29.639822532671026],[-95.74377746205083,29.639827675616086],[-95.74358421287364,29.639836967582724],[-95.7436417688322,29.639633932333563],[-95.74369449185455,29.639479729456973],[-95.74369264851158,29.639227714601834],[-95.7437042691181,29.638287192950877],[-95.74367700704585,29.63492684206974],[-95.74364627388336,29.631061383046436],[-95.74363308841161,29.630326022023908],[-95.74358576965403,29.62661918049306],[-95.74358037347412,29.626197843237094],[-95.74357359299034,29.625668609849562],[-95.74357017130743,29.62508798513473],[-95.74350361692466,29.624588280746824],[-95.74346907849862,29.624298644290317],[-95.74344495513999,29.623937162331295],[-95.7434400242874,29.62376575726407],[-95.74343983025128,29.62375513707154],[-95.74343271110266,29.623364002409865],[-95.74341741009842,29.622914414090584],[-95.74340255016699,29.621905653297613],[-95.7433962260274,29.621475368920205],[-95.74338512285047,29.620722546060012],[-95.74337958743169,29.62033632022329],[-95.743372205975,29.619813065283253],[-95.74336609473615,29.61948941186984],[-95.74335999876861,29.619197603823658],[-95.743353392558,29.61888220915719],[-95.74334559428303,29.618528923226116],[-95.7418471855245,29.61854444981536],[-95.74177291461345,29.61853052024234],[-95.74141222755213,29.61853039294961],[-95.74122578311324,29.618549579789892],[-95.74086153602845,29.618555754657727],[-95.74085193842797,29.618415945780676],[-95.74083169309641,29.618381104229055],[-95.74075960868474,29.6182555042989],[-95.74071562806675,29.618178819167085],[-95.74064986240481,29.618151882208245],[-95.74058756334153,29.618126354839227],[-95.74050106007125,29.618091170354667],[-95.7404523686879,29.618072359059546],[-95.74028894806973,29.61806320565449],[-95.74026075624117,29.618061590669214],[-95.74006428211212,29.61805032403752],[-95.73996384507348,29.61804455835171],[-95.73984131666535,29.61803752207482],[-95.73964455507539,29.61802314729543],[-95.7396058691277,29.618023850142325],[-95.73945601666355,29.618038091380686],[-95.73940150240055,29.618042648951402],[-95.73938572079766,29.61804396796048],[-95.73927965222046,29.61805301750215],[-95.73922335120834,29.618069886601603],[-95.73914807867574,29.618092440944736],[-95.7390540196756,29.618120636014208],[-95.73895096404792,29.61815151750927],[-95.73893762406593,29.61815736206389],[-95.73887899911216,29.61818305029862],[-95.73880000396103,29.618219845048298],[-95.73872808843265,29.61826179476372],[-95.7387024657858,29.61827673959455],[-95.73865170737898,29.618304124778913],[-95.73857417288849,29.618358577283356],[-95.73855571610267,29.6183715392976],[-95.73851317638238,29.618405823262755],[-95.73838037034909,29.61851285700689],[-95.73811609407736,29.618273554144306],[-95.73802285613738,29.61818786869664],[-95.73764240703814,29.618508793009727],[-95.7375634415314,29.61845581499667],[-95.7375207769453,29.6184235817914],[-95.73747362886762,29.618385516529756],[-95.73742717428932,29.6183467671517],[-95.73738074396556,29.618308040405935],[-95.73736048695591,29.61828733068878],[-95.73732552003347,29.618256127488376],[-95.73712619285507,29.618067981887425],[-95.73699978192829,29.618182499736108],[-95.73671448238393,29.61840997629095],[-95.73651306662252,29.618217459278252],[-95.73649399898228,29.618199362566447],[-95.73640610511995,29.618115919135207],[-95.73608223910382,29.618151167648175],[-95.73590113425098,29.618177985123424],[-95.7359527577354,29.61825756129267],[-95.73602232776258,29.618359958763325],[-95.73595726907476,29.61841007468917],[-95.73594695821194,29.618400331706535],[-95.7359204013172,29.61838386250275],[-95.73589050628284,29.618372563107656],[-95.73585756775633,29.61836610162427],[-95.73582378032185,29.61836595324599],[-95.73579074747224,29.61837213515346],[-95.73578139241685,29.618375865695498],[-95.73543137015461,29.618045807856966],[-95.73536680104861,29.618104992218623],[-95.73530759668151,29.618261740878925],[-95.73484164862847,29.61821203096787],[-95.73464671600846,29.618254196225816],[-95.73422416916003,29.618223460797857],[-95.73422726116125,29.618404602656653],[-95.73403834994858,29.618402177844068],[-95.73404101075846,29.61855748208999],[-95.73377824096143,29.618555762467047],[-95.73352896924987,29.6185541295281],[-95.73327984935361,29.618554152956243],[-95.73303073125395,29.61855417716529],[-95.73278334241122,29.618552552035634],[-95.73278866672591,29.618880402075202],[-95.7325338560023,29.618879241606802],[-95.73242465949133,29.618878772265234],[-95.73228539816441,29.61887804833912],[-95.73203485713334,29.618876552068887],[-95.73178563123587,29.61887506282703],[-95.73153519351108,29.61887356655682],[-95.73151964367351,29.61887347440651],[-95.7312916153218,29.618872110895097],[-95.73103779813488,29.618870594320484],[-95.73090374523998,29.618869793081775],[-95.73090358893312,29.619032653697488],[-95.73090473248847,29.619392607789194],[-95.73065555779496,29.619391904170893],[-95.73041395230604,29.619390844448432],[-95.73039941217485,29.619573517172572],[-95.7300075895058,29.619416655755728],[-95.73000752931867,29.619439462037878],[-95.73000448762313,29.619463638846675],[-95.72999422706594,29.61949083784728],[-95.72997769986137,29.61951556363717],[-95.72995566508574,29.619536751811538],[-95.72992905159714,29.619553478533575],[-95.72991312985704,29.619559593989262],[-95.7298990451717,29.61956500504656],[-95.72986697711269,29.619570801882546],[-95.72983419668967,29.619570676152957],[-95.72980217444474,29.619564596620695],[-95.72977229468175,29.61955282255313],[-95.72976579716729,29.619548656296196],[-95.72957535522538,29.619852537235776],[-95.72942087194596,29.61967370952686],[-95.72912464259956,29.619859596032782],[-95.72886942134586,29.619828244162147],[-95.72852526687906,29.620044279570894],[-95.72792367231982,29.62009395577933],[-95.72780660566862,29.619916401408684],[-95.72751307845459,29.620146295696888],[-95.7274573847036,29.620076351387247],[-95.72729929648496,29.620191256635007],[-95.72728939794882,29.6201991509971],[-95.72708543546356,29.620311361138775],[-95.72706999252551,29.620319858364194],[-95.72693600610596,29.620401433565796],[-95.72665066074752,29.620381538000245],[-95.72664913810313,29.620383785495726],[-95.7264958468881,29.620609999799278],[-95.7263770698446,29.62066844156153],[-95.72634977453468,29.62061230663961],[-95.72628791205265,29.62048508126802],[-95.72621275899597,29.620330524212328],[-95.72614257991104,29.62018900601154],[-95.72596401369718,29.620241575471244],[-95.72558349542766,29.620350211281472],[-95.7250312758697,29.620442442142807],[-95.72465723086012,29.620494294584116],[-95.72464710774517,29.620664864164727],[-95.72460132510672,29.62083456117],[-95.7244953248015,29.62104345527334],[-95.72434660960454,29.6212296133543],[-95.72414793190809,29.62142539274059],[-95.72398820067077,29.621567897841633],[-95.72404736281709,29.62162194328873],[-95.72379759074391,29.62186917928633],[-95.7237917481013,29.621863942495935],[-95.72360273537902,29.62173170446723],[-95.72357141382,29.62170978894397],[-95.72340897056885,29.621596138012627],[-95.72340358067716,29.62159236776324],[-95.72336600594544,29.6215717172895],[-95.7232081997978,29.621484989001996],[-95.72315210360156,29.62145415928783],[-95.72298564577942,29.621362679030938],[-95.72298131050985,29.62136029802082],[-95.72289853704463,29.621329672087363],[-95.72277008514551,29.621282142444507],[-95.72263128465434,29.621230774576567],[-95.72251368350555,29.621542663399616],[-95.72245899227443,29.62152753085283],[-95.72239618117145,29.621512335049772],[-95.72233278616353,29.621499175087347],[-95.72228207896067,29.621490388242286],[-95.72227715349798,29.621489534703148],[-95.72226882970857,29.621488259470397],[-95.72223674458156,29.621483342834967],[-95.72204557949584,29.621468877180117],[-95.72203235719317,29.621468574185375],[-95.72201300209205,29.62146813140699],[-95.72198374306494,29.621467626936372],[-95.7219511674578,29.621467397347587],[-95.72193346795174,29.62146831570274],[-95.7218788638572,29.621469817400857],[-95.7218671803686,29.6214697572705],[-95.72185398411709,29.621467833097753],[-95.72184128463392,29.621464096422855],[-95.72182941249913,29.62145866672556],[-95.72181867583485,29.621451643181654],[-95.72180934952557,29.621443232733192],[-95.72180168599787,29.621433647007663],[-95.7217958325755,29.621423113250867],[-95.72179196263325,29.62141190634447],[-95.7217900851543,29.621399691275837],[-95.7217902962584,29.62148629937593],[-95.72160783494948,29.62152556060723],[-95.72160399016005,29.621703807154788],[-95.72160527924248,29.621746683143627],[-95.72161225645728,29.621978723102515],[-95.72123785840981,29.62198590825806],[-95.72085255122153,29.621993365950775],[-95.72066309562976,29.621961811707255],[-95.72029357273934,29.6219733957322],[-95.72008888800859,29.621968648578008],[-95.71501446307208,29.623559048290556],[-95.71491445183489,29.623590420865636],[-95.71433494145857,29.623778807605],[-95.71420823947763,29.62381999519454],[-95.71420182370987,29.623567799033957],[-95.71417333633558,29.622934219352206],[-95.71409196064896,29.620900009204664],[-95.71408666687698,29.620767677762444],[-95.71401294124328,29.61880106848759],[-95.71401517265845,29.61873973149581],[-95.71398955090993,29.617850031276415],[-95.71397179930159,29.61717833040438],[-95.71395161146222,29.615377312676927],[-95.7139400034321,29.61401031235513],[-95.71391768748383,29.612580957783116],[-95.71391717185085,29.61231748340639],[-95.71391616663604,29.611803254120233],[-95.71391401517094,29.61171701726032],[-95.71391086208429,29.611552863998615],[-95.71390691398862,29.61128990941928],[-95.71390218166371,29.611017715761687],[-95.7138993726318,29.610711101247897],[-95.71389717714926,29.610471772052875],[-95.7138927484549,29.61022537032235],[-95.71389483344468,29.61002109295542],[-95.71389132462518,29.609865608421984],[-95.7138870935602,29.60948959638674],[-95.71388303317512,29.609265447885555],[-95.71387725970278,29.608762622219245],[-95.71387649613479,29.60852341023703],[-95.71387373112033,29.608241347993182],[-95.7138712778213,29.60806006056452],[-95.7138702321823,29.607982910780382],[-95.71386853346812,29.607719808649122],[-95.71386379665162,29.6074469391403],[-95.71386192905415,29.6071546666676],[-95.71385751652947,29.60671033734488],[-95.71385076119851,29.60602986855642],[-95.71384501198071,29.60577081100009],[-95.71384309946747,29.605515974287957],[-95.71383529849753,29.60498724853895],[-95.71383458972679,29.60472941922932],[-95.71383259367022,29.60451088836097],[-95.71382861233688,29.604196906740345],[-95.71382480168346,29.603965078906846],[-95.71382060385613,29.603437296349817],[-95.7138175513808,29.603156985065315],[-95.71381368233686,29.602875617791828],[-95.71381241840726,29.602371302017612],[-95.71380422577187,29.601837877288048],[-95.71380228541085,29.601407583011937],[-95.71379744349147,29.600997701803248],[-95.71379458415392,29.600561433395885],[-95.71379005484826,29.600070516413457],[-95.7137879060781,29.599936881341147],[-95.71378253594933,29.599602714777344],[-95.71376892377783,29.59916642705735],[-95.71367438956891,29.599176571034207],[-95.7136838811682,29.598941688538385],[-95.7136945199161,29.598678908840935],[-95.7127806008955,29.598772477228536],[-95.70718645924464,29.59940105361498],[-95.7004400773249,29.600128402238543],[-95.69555469745006,29.600640644649175],[-95.69312700937789,29.60089512579589],[-95.69061550759137,29.601144034915947],[-95.6896713746345,29.60123063464412],[-95.68906823407464,29.601277624648855],[-95.68857479218403,29.601311309097813],[-95.68790123897726,29.60131012733827],[-95.68721937904905,29.601319210405983],[-95.68685626923143,29.601337787381894],[-95.68631217313857,29.60138292385794],[-95.68567451750887,29.60144233826365],[-95.68507262650557,29.601503251505648],[-95.68443704328922,29.601567570950472],[-95.68492079774784,29.602513286532268],[-95.68567992985844,29.603990759042446],[-95.68667821505728,29.605855252659943],[-95.68733963561782,29.60711663932594],[-95.68831360611686,29.60855463207056],[-95.68916286889488,29.61007731656229],[-95.6897274861021,29.610923232474565],[-95.69086414868562,29.612293140095506],[-95.69131412020131,29.612763417926896],[-95.69142794483265,29.612877014778235],[-95.69151189688752,29.612960799149086],[-95.69171310244317,29.613161599890226],[-95.69223396630616,29.613689009003497],[-95.6926059460889,29.614065658267997],[-95.69314751881413,29.614628496704395],[-95.69370242074156,29.61522100467946],[-95.69455231413691,29.616251049363594],[-95.69528430724449,29.61731884306905],[-95.69573814870245,29.618192619933634],[-95.69637564353371,29.619419979394483],[-95.69653377307485,29.619768999119206],[-95.69666086851788,29.62004952114142],[-95.69675335366965,29.620253650113998],[-95.69710810556187,29.62103664489105],[-95.6979605834103,29.62291503881301],[-95.69796890899634,29.622933384566995],[-95.6988685546854,29.624915626999737],[-95.6999096895233,29.627209512746937],[-95.6999473702562,29.627292533225823],[-95.70100416003453,29.629617812076855],[-95.70328688337607,29.634583768426328],[-95.70475409274646,29.637778065123506],[-95.70552208404241,29.63946431149862],[-95.70604563296978,29.640613809970827],[-95.7065660692347,29.64189000819005],[-95.70934732611785,29.64870953927794],[-95.70954586188049,29.64913270053754],[-95.71205244898408,29.654474908566634],[-95.71254185384582,29.655486425942172],[-95.71294393976699,29.656092491512315],[-95.71358111389969,29.656879676839363],[-95.71410413731262,29.657471172832448],[-95.71486002920003,29.65806596273186],[-95.71486047835765,29.658089435507716],[-95.71490135349973,29.65983209095942],[-95.71492805771817,29.66092789065872],[-95.71503359089942,29.66500031120464],[-95.71503451526586,29.665035990578716],[-95.71510779982674,29.667863780946522],[-95.71516984197183,29.67223839783409],[-95.71522597050742,29.676541748613896],[-95.7211561548381,29.676418212255214],[-95.7220606765825,29.679720441355443]]]},"properties":{"OID":14,"uid":"7c6e20b6-57e4-41d3-be6f-90b41c38f6dd","name":"BOWIE MS","address":"700 Plantation Dr","city":"Richmond","state":"TX","zip":"77406","lat":29.625999700031695,"lng":-95.7156181004003,"phone":"(281) 327-6200","fax":"","website":"https://www.fortbendisd.com/jbms","email":null,"enroll_url":"https://www.fortbendisd.com/newstudent","bus_url":null,"fill_color":"#67c3e8","zone_searchable":true,"ne_x":-95.68443704328922,"ne_y":29.679720441355443,"sw_x":-95.74576898840814,"sw_y":29.598678908840935,"schools":[{"code":"054","fax":"","lat":29.625999700031695,"lng":-95.7156181004003,"zip":"77406","city":"Richmond","name":"BOWIE MS","email":null,"phone":"(281) 327-6200","state":"TX","address":"700 Plantation Dr","website":"https://www.fortbendisd.com/jbms","enroll_url":"https://www.fortbendisd.com/newstudent","bus_url":null,"fill_color":"#67c3e8"}]}},{"type":"Feature","id":15,"geometry":{"type":"Polygon","coordinates":[[[-95.50938610961055,29.493012145768166],[-95.50817066297998,29.493028877811106],[-95.50721993818554,29.493041964598458],[-95.50620186310101,29.493055979508213],[-95.50578576166477,29.49306170854377],[-95.50535014882057,29.49306769404465],[-95.5043627745592,29.493081262481766],[-95.50361184586373,29.49309157583765],[-95.50287145440656,29.493101754704526],[-95.50233772487208,29.49712532091031],[-95.49279811691635,29.497330189420936],[-95.49177421895213,29.497584904244924],[-95.49119262897594,29.4979378666643],[-95.49075055095663,29.498554417557038],[-95.4905093443197,29.499089599597465],[-95.48511122225034,29.499099365820907],[-95.4847276982179,29.50017231080962],[-95.48756773456506,29.503994270652317],[-95.48758132158372,29.504002350010776],[-95.49567144662457,29.502342240190714],[-95.49691041564083,29.502071316543883],[-95.49941096965897,29.500868053152864],[-95.50056200618533,29.50040171701742],[-95.50144970787437,29.500259464651485],[-95.5024935960486,29.500159908282743],[-95.5195837290203,29.49964047223672],[-95.55537835825913,29.49840515629401],[-95.55557611787735,29.49823378047421],[-95.55565967377518,29.497980988335293],[-95.55568665018318,29.49789937208198],[-95.5557088035364,29.497819926235916],[-95.55574797098109,29.497694263906258],[-95.55580575331513,29.49740526419452],[-95.55591996871361,29.497183286054128],[-95.5559546095476,29.496895920572708],[-95.5560505711795,29.496566431263716],[-95.55607860580288,29.49605059065632],[-95.55606324371321,29.49577221443779],[-95.55607885643285,29.495594711981227],[-95.55601341326609,29.495314660483277],[-95.55599563201336,29.495101316100282],[-95.55588877561367,29.494569106082146],[-95.55588555964496,29.494558382381364],[-95.55563688351643,29.49409195073118],[-95.55526131586244,29.493339541750235],[-95.55463661843072,29.492632284879328],[-95.55389099428703,29.492014750255684],[-95.55321949912056,29.491552262621685],[-95.55274959129376,29.491322267913244],[-95.55227608661255,29.491077889997612],[-95.55127580445884,29.490716337680055],[-95.55034362089187,29.490482231264092],[-95.54900541498617,29.49028894099806],[-95.54748134315659,29.490039892463553],[-95.54630006125294,29.48991551848861],[-95.54538714654882,29.489860251543114],[-95.54440432494928,29.48931324008556],[-95.54427523165307,29.489203406123067],[-95.5435931453494,29.488623079628567],[-95.54329267146328,29.488133110681733],[-95.54290300654755,29.487600533290063],[-95.54282611075924,29.486972299010098],[-95.54290285652891,29.486665646532753],[-95.54292011765708,29.48628159869419],[-95.5431677589264,29.4854716752091],[-95.54385647210191,29.48386966138466],[-95.54422466728236,29.483324208137876],[-95.54555992851057,29.482070576810248],[-95.54592621477101,29.481744038233114],[-95.54594996443052,29.481722863377612],[-95.5461125343441,29.481577936160484],[-95.54582754741348,29.47929592177104],[-95.54578040292905,29.47703720041245],[-95.54540959993933,29.475553836199833],[-95.54536303666491,29.47536756523833],[-95.54480934476817,29.473803470011337],[-95.54473622190405,29.473394768289914],[-95.54439670094747,29.47149707384603],[-95.54427216121142,29.470724395298305],[-95.54403252393129,29.469422016126384],[-95.54382933040392,29.468778191510562],[-95.54364857679234,29.468357027917296],[-95.54353191528132,29.467994250326935],[-95.54328351942718,29.46748086711122],[-95.5430977936405,29.4670792609954],[-95.54283341675743,29.466666021734188],[-95.54222664071563,29.466090426257985],[-95.54123043421838,29.464952254913353],[-95.54057165111149,29.46448344776392],[-95.53912792639755,29.46376492467125],[-95.53767190554403,29.46332626966864],[-95.53723031620825,29.4633296258176],[-95.53621043371336,29.462795436723905],[-95.53520107857527,29.462205778987627],[-95.53507316925861,29.462131054348635],[-95.53449141668735,29.461749921698253],[-95.53373429949791,29.46071962058066],[-95.53303243588496,29.460000689128364],[-95.53272718745309,29.459484537251353],[-95.53264322551675,29.45923738174494],[-95.53255175635957,29.458968126978203],[-95.532297757713,29.45853128699228],[-95.52885899512728,29.458587914011467],[-95.52246486598665,29.45869320934993],[-95.5151590734951,29.458813516799754],[-95.51471205294511,29.45882089033117],[-95.50800693334135,29.458931293784726],[-95.50207149835785,29.459029034569742],[-95.49951709393169,29.45907109887822],[-95.49952669153217,29.45910670792594],[-95.50342168329786,29.473557020406837],[-95.5034327226944,29.473597972078128],[-95.50341289148618,29.473598094861153],[-95.50357491342744,29.473864375731694],[-95.50390077550013,29.47407039319083],[-95.50483238055206,29.47465936489986],[-95.50533172078082,29.47533925524421],[-95.50545899409029,29.475437845155508],[-95.50570009652266,29.47639503514932],[-95.50557509415425,29.477109804930713],[-95.50525162429516,29.477546960593493],[-95.50445402093416,29.477900023323276],[-95.50235792528788,29.479036540816026],[-95.49890950311791,29.48294445559308],[-95.49809396399397,29.48450442248408],[-95.49802243114789,29.485321794899754],[-95.49814549495193,29.485927208458005],[-95.49858860333885,29.486594080261746],[-95.49888650265336,29.486811206113515],[-95.4999862211225,29.48732055196212],[-95.5033658260535,29.48733130927101],[-95.50340664909328,29.489758364175948],[-95.50400031332518,29.489773896489528],[-95.50418520637359,29.48990464181848],[-95.50460466301742,29.490201257811734],[-95.50459948692476,29.49035274714891],[-95.50468807787976,29.490658313318722],[-95.50477445089433,29.491028801660708],[-95.50517796334016,29.491537549250097],[-95.5054659290843,29.491805005906148],[-95.50932999814293,29.49175436737914],[-95.50938610961055,29.493012145768166]]]},"properties":{"OID":15,"uid":"47d9eab8-acf5-4eff-a7b7-3b4f428c0c90","name":"THORNTON MS","address":"1909 Waters Lake Blvd","city":"Sienna","state":"TX","zip":"77459","lat":29.469187800298144,"lng":-95.50950789960349,"phone":"(281) 327-3870","fax":"","website":"https://www.fortbendisd.com/rtms","email":null,"enroll_url":"https://www.fortbendisd.com/newstudent","bus_url":null,"fill_color":"#fd7c7d","zone_searchable":true,"ne_x":-95.4847276982179,"ne_y":29.504002350010776,"sw_x":-95.55607885643285,"sw_y":29.45853128699228,"schools":[{"code":"055","fax":"","lat":29.469187800298144,"lng":-95.50950789960349,"zip":"77459","city":"Sienna","name":"THORNTON MS","email":null,"phone":"(281) 327-3870","state":"TX","address":"1909 Waters Lake Blvd","website":"https://www.fortbendisd.com/rtms","enroll_url":"https://www.fortbendisd.com/newstudent","bus_url":null,"fill_color":"#fd7c7d"}]}},{"type":"Feature","id":16,"geometry":{"type":"Polygon","coordinates":[[[-95.46275950394595,29.508167432211923],[-95.46449110277582,29.50907985375042],[-95.46696254598886,29.51038288024163],[-95.46808805688643,29.510969062590554],[-95.46909159722968,29.511491714552232],[-95.472188557138,29.513128723660703],[-95.47597474854973,29.51508249725254],[-95.47874055441,29.516538106751383],[-95.48001546861406,29.51720904441248],[-95.4800694906003,29.517185165962232],[-95.48050649403656,29.517177051696752],[-95.48585999588744,29.517041277581853],[-95.48705203242169,29.517025908140063],[-95.48705348948909,29.517023836575884],[-95.49336430168373,29.51694059639981],[-95.49476941141684,29.516921822538535],[-95.49669231187636,29.516894309006933],[-95.49669592849371,29.51689277526571],[-95.49952149298163,29.516859020445004],[-95.50855106896009,29.51674450881245],[-95.50854277481506,29.516419413297964],[-95.50523969287154,29.515216268841673],[-95.50476791834558,29.514611694836706],[-95.5040639436917,29.513597245577824],[-95.50389412706872,29.512478041649146],[-95.50366840648896,29.51224965798269],[-95.50368363293302,29.51180426296969],[-95.5031845604022,29.510917982564923],[-95.50317100931616,29.51090880693569],[-95.50296588530922,29.510607320953646],[-95.50252029487716,29.510138021402188],[-95.50201321117063,29.509667110773428],[-95.5017764251432,29.509391713047645],[-95.50159929713212,29.509171716422205],[-95.5013588334019,29.509003903434188],[-95.50106331372457,29.508646206777133],[-95.50068015620477,29.50815161501999],[-95.50045073995592,29.507661047870943],[-95.50025046864818,29.50725656839082],[-95.49932007093199,29.507261891651858],[-95.49898615007291,29.507272703132408],[-95.49859501102178,29.50728536669027],[-95.49705886134322,29.507305365851966],[-95.49575291753261,29.507320751623972],[-95.49484694860227,29.507346077944234],[-95.49321298676232,29.507356262414614],[-95.491241667109,29.507373744176316],[-95.48960386946275,29.507387692995493],[-95.48862567059369,29.507401562069415],[-95.48668028620092,29.50742912196203],[-95.48667294786337,29.50739347281891],[-95.48604525095689,29.50434414365171],[-95.48756773456506,29.503994270652317],[-95.4847276982179,29.50017231080962],[-95.48511122225034,29.499099365820907],[-95.4905093443197,29.499089599597465],[-95.49075055095663,29.498554417557038],[-95.49119262897594,29.4979378666643],[-95.49177421895213,29.497584904244924],[-95.49279811691635,29.497330189420936],[-95.50233772487208,29.49712532091031],[-95.50287145440656,29.493101754704526],[-95.50361184586373,29.49309157583765],[-95.5043627745592,29.493081262481766],[-95.50535014882057,29.49306769404465],[-95.50578576166477,29.49306170854377],[-95.50620186310101,29.493055979508213],[-95.50721993818554,29.493041964598458],[-95.50817066297998,29.493028877811106],[-95.50938610961055,29.493012145768166],[-95.50932999814293,29.49175436737914],[-95.5054659290843,29.491805005906148],[-95.50517796334016,29.491537549250097],[-95.50477445089433,29.491028801660708],[-95.50468807787976,29.490658313318722],[-95.50459948692476,29.49035274714891],[-95.50460466301742,29.490201257811734],[-95.50418520637359,29.48990464181848],[-95.50400031332518,29.489773896489528],[-95.50340664909328,29.489758364175948],[-95.5033658260535,29.48733130927101],[-95.49998622202081,29.487320559781644],[-95.49944395849114,29.487069399713167],[-95.49888650265336,29.486811206113515],[-95.49858860333885,29.486594080261746],[-95.49814549495193,29.485927208458005],[-95.49802243114789,29.485321794899754],[-95.49809396399397,29.48450442248408],[-95.49890950311791,29.48294445559308],[-95.50235792528788,29.479036540816026],[-95.50445402093416,29.477900023323276],[-95.50525162429516,29.477546960593493],[-95.50557509415425,29.477109804930713],[-95.50570009652266,29.47639503514932],[-95.50545899409029,29.475437845155508],[-95.50533172078082,29.47533925524421],[-95.50483238055206,29.47465936489986],[-95.50357491342744,29.473864375731694],[-95.50341289148618,29.473598094861153],[-95.5034327226944,29.473597972078128],[-95.50342168329786,29.473557020406837],[-95.49952669153217,29.45910670792594],[-95.49951709393169,29.45907109887822],[-95.50207149835785,29.459029034569742],[-95.50800693334135,29.458931293784726],[-95.51471205294511,29.45882089033117],[-95.5151590734951,29.458813516799754],[-95.52246486598665,29.45869320934993],[-95.52885899512728,29.458587914011467],[-95.532297757713,29.45853128699228],[-95.53227506626892,29.458492261206274],[-95.53223006875803,29.45828782416115],[-95.53235981512945,29.45796048468553],[-95.53245041022585,29.457925759097133],[-95.53246064113863,29.45790131992862],[-95.5325062081814,29.45766772826752],[-95.53245053419336,29.457505640014833],[-95.5324949289347,29.45744501152979],[-95.5325102038878,29.457272414286713],[-95.53250371535648,29.45718573658681],[-95.53254666470853,29.456890295033535],[-95.53267193567322,29.45652698208295],[-95.53273984920702,29.456466963120985],[-95.53273268693927,29.456400871199016],[-95.53276576919623,29.456257565248197],[-95.53278848399651,29.45614281693604],[-95.53284313210851,29.456057750370487],[-95.53290664120244,29.455989369484076],[-95.53295853238484,29.45584657294279],[-95.53298414155697,29.455785456158868],[-95.53300228572907,29.45566646624677],[-95.53302402406064,29.455580545123183],[-95.53303138126279,29.455502477186354],[-95.53301335836326,29.455266692191323],[-95.53304426579892,29.45520278182382],[-95.53304770993972,29.455101081765868],[-95.53304685384525,29.45505890943189],[-95.53304553871169,29.454994117392978],[-95.5330370110047,29.454902271304057],[-95.53308061972015,29.454816896292773],[-95.53310678315282,29.454731044847936],[-95.53313346671003,29.454629925494576],[-95.5331418650596,29.454553799822076],[-95.53314940372145,29.454503100446058],[-95.53315147074493,29.454442071242013],[-95.5331022861865,29.45434916945738],[-95.53307837932184,29.454195840534698],[-95.53309892558903,29.45410477201999],[-95.5331201357112,29.453993321411755],[-95.53310547340914,29.453911503906237],[-95.53309647139166,29.45387692007626],[-95.5330860473411,29.453841013517483],[-95.53305085853479,29.453763756958864],[-95.53305194369966,29.453667088205886],[-95.53307055499572,29.453599704592662],[-95.53314940731472,29.4534409976052],[-95.53316505866192,29.453311166586563],[-95.533148747053,29.453219503576797],[-95.53313519147537,29.45316277891299],[-95.53316788655843,29.45301639584282],[-95.53317199635086,29.452895057595885],[-95.53312488959568,29.452718789482596],[-95.53311544920035,29.452636385849274],[-95.5331421875548,29.452370883869524],[-95.53317463021128,29.451973513901816],[-95.53318192812462,29.451637925808207],[-95.53321815538341,29.4515317126341],[-95.53324376006397,29.451378767439262],[-95.5332543538961,29.45118614494875],[-95.53326620177639,29.450836406784177],[-95.5333080740484,29.45063499564033],[-95.53335066497266,29.450407050641],[-95.53339532741195,29.45015747624197],[-95.53340954864122,29.449857794034553],[-95.53341007325736,29.44957182991816],[-95.53341129227118,29.44956682591055],[-95.53341917229285,29.44933421555138],[-95.53346333976043,29.449141766749662],[-95.53347460014254,29.448948462586273],[-95.5334860303062,29.44861102228904],[-95.53352613020216,29.448537928798583],[-95.53356862590499,29.44839486753851],[-95.53358777080034,29.4482470726636],[-95.53364135890028,29.447914851590635],[-95.53363054318426,29.447791705706504],[-95.53360611889002,29.44766962510775],[-95.53362550094057,29.447508697399797],[-95.53364976263977,29.447396085713745],[-95.53368036464823,29.447162421366357],[-95.53367417256099,29.447076834107886],[-95.5336643988907,29.447030869159704],[-95.53365013813557,29.44698282728296],[-95.53363154570413,29.446861147012495],[-95.53364013359824,29.4467421552398],[-95.53366618563979,29.446575923080445],[-95.53365925244243,29.446311507459615],[-95.53365088553387,29.446156306155466],[-95.53364303605494,29.446052779034986],[-95.53363879870173,29.44597716009722],[-95.5336312627348,29.445931276007205],[-95.5336121367041,29.44589302529913],[-95.53357962487733,29.44578092420855],[-95.53357547466072,29.44576889208112],[-95.53360018372092,29.445709915000933],[-95.53361085390986,29.445662520220935],[-95.53360255886653,29.44557288890731],[-95.53359042711863,29.4455288687935],[-95.53358428174377,29.445508828495843],[-95.53355667921002,29.445452484400874],[-95.53357777973774,29.445433173168194],[-95.53361726428773,29.44540638494802],[-95.53368260324993,29.44535443561925],[-95.53371147869642,29.44530550819512],[-95.5337221093595,29.445260073610182],[-95.53371832026562,29.44523813232811],[-95.5337103144798,29.445206122360965],[-95.53369764553938,29.445177977613046],[-95.53366058105074,29.445133311167115],[-95.53363084950976,29.445072943610466],[-95.53358044144593,29.444847496452187],[-95.53360489987617,29.444766289573593],[-95.53361739005187,29.444732825981127],[-95.53361449208677,29.444675432417107],[-95.53358270160717,29.444641652753234],[-95.53356144028103,29.444575217530065],[-95.53359643864451,29.44451434350512],[-95.53362187803505,29.444457369903144],[-95.5336437520122,29.44436732682668],[-95.53361834136777,29.444284306230553],[-95.5335969147516,29.4442219894993],[-95.53356556624314,29.444175871495016],[-95.5335682144766,29.44409768057026],[-95.53358496176844,29.444019880728124],[-95.53358774924077,29.44393759050315],[-95.5335580473442,29.44384210694189],[-95.53355002449041,29.4438007184743],[-95.53355877318295,29.44368152754152],[-95.53356100369982,29.443615679188756],[-95.53357802946938,29.443529657897923],[-95.53363737846526,29.44344471296538],[-95.53362163638822,29.44335369347396],[-95.53364337022822,29.4432677955632],[-95.53366939981188,29.44305431817413],[-95.53363267578474,29.442888643226684],[-95.5336578923931,29.442699871509777],[-95.53374768978554,29.4424168920312],[-95.53374749574942,29.442266748594374],[-95.53374999755749,29.442192905003225],[-95.53375613754245,29.44216694047203],[-95.5337592250521,29.442153879973926],[-95.53377544593117,29.442064230698207],[-95.53379388205575,29.44201334124153],[-95.53383652508228,29.44192205683092],[-95.53384857688013,29.44185134689234],[-95.5338837926359,29.441746006696043],[-95.53390666014978,29.4416934969291],[-95.53391651377012,29.441636005423145],[-95.53391007734113,29.441592584411666],[-95.53389688108959,29.441515401452662],[-95.53389647684772,29.44144903537309],[-95.5339070320523,29.441370778981057],[-95.53392301757277,29.441288044605223],[-95.53394939570278,29.44121019958268],[-95.53401861898027,29.44111268493102],[-95.53406071493279,29.441038382849825],[-95.53410569447738,29.440956400002296],[-95.53414025895458,29.44086954877396],[-95.5341771069492,29.440794275667475],[-95.53421717809911,29.440700626016156],[-95.53423014887348,29.44062937621399],[-95.53425333798424,29.440565829008595],[-95.53430614095663,29.44048634839834],[-95.53436968418656,29.44041435994188],[-95.53441376002597,29.440343872694875],[-95.53445474745743,29.440299203339386],[-95.53452604494493,29.440217972481864],[-95.53459767660567,29.440108618875264],[-95.53471458964495,29.439990523544527],[-95.53483352389362,29.439921527882174],[-95.53489909821441,29.439857189310477],[-95.53495035338959,29.439700152987374],[-95.53498837009242,29.439636719418964],[-95.53503676233679,29.439574909907073],[-95.53507409991323,29.439535329206308],[-95.53513060124965,29.439487229801635],[-95.53528706890754,29.439374398771527],[-95.53550176715875,29.439211754794897],[-95.53568619128659,29.439110512799285],[-95.53579766951839,29.43905933240199],[-95.53591840039762,29.43898736249175],[-95.53608845956575,29.438888248979193],[-95.53629035412922,29.438749322011812],[-95.53642163302654,29.4386920729244],[-95.53657408611342,29.43859960186594],[-95.5366768938061,29.43852687433625],[-95.53684113009454,29.438481862303778],[-95.53705468568873,29.438392441354647],[-95.53717783213776,29.438328196475805],[-95.53723720089657,29.438287383901798],[-95.53734118987387,29.438232264839236],[-95.53742089199913,29.438198561264254],[-95.53751935633744,29.438150670890977],[-95.53765117512222,29.4381086714492],[-95.53776720511758,29.438069013508287],[-95.53790181496795,29.4380259367618],[-95.53801883580508,29.438004201234087],[-95.538088584597,29.43798536189533],[-95.53817731119761,29.43795434946182],[-95.53825659470796,29.43793300899669],[-95.53832578564608,29.43793067842801],[-95.53841503326956,29.437939866923603],[-95.53851517206753,29.437952089303558],[-95.5385775178432,29.437966350439964],[-95.5386904818885,29.4379656056596],[-95.53880317284595,29.437984327652188],[-95.53886712391102,29.437998359560815],[-95.53893915442377,29.438005727563777],[-95.53898909536368,29.43801527201362],[-95.5390358760304,29.438026110439502],[-95.53911563564786,29.438036427048885],[-95.5391744007388,29.438042368076033],[-95.53927480723473,29.438057367720823],[-95.53934063398212,29.43807226018396],[-95.53940657571387,29.438084541222835],[-95.53947833403707,29.438102225039906],[-95.53954380505162,29.438127678966264],[-95.5395826311365,29.43813925590053],[-95.53962693694464,29.438154740576106],[-95.53965228650364,29.43815589294941],[-95.53967130832977,29.43816222278803],[-95.53968861706869,29.438167383041748],[-95.53970617104765,29.438178297337448],[-95.53975159256335,29.438204201084726],[-95.53980668354478,29.438217575023113],[-95.5398495843878,29.438231985547326],[-95.53992461886685,29.438258635623747],[-95.53997383666295,29.438278910487156],[-95.5400125181191,29.438289426564953],[-95.54004668554093,29.43830550187657],[-95.5400853283695,29.438317909624555],[-95.540129649449,29.438335962660503],[-95.54016375398875,29.438353954671555],[-95.54019128286063,29.43837367015061],[-95.540231959475,29.438389915996545],[-95.54027447494077,29.438415721898746],[-95.54034899738014,29.43845757100639],[-95.54045059863537,29.438532422606073],[-95.54051816272454,29.438587367046722],[-95.54063448467235,29.43867163854887],[-95.54070201013396,29.438728498049223],[-95.5408030346708,29.438820441702806],[-95.54091962970648,29.438952301051756],[-95.54093752594358,29.43900027944953],[-95.54097824657539,29.439079255059795],[-95.54103168286007,29.439103427295247],[-95.54120234659437,29.439124957618983],[-95.54123242219009,29.43913333239025],[-95.54127442741277,29.43915759066834],[-95.54130085135685,29.43918027490696],[-95.54134645343395,29.439213869413138],[-95.54141366807845,29.43927002217282],[-95.54144291093588,29.43930305650682],[-95.54147814914954,29.43935146188644],[-95.54151570411831,29.43939609410753],[-95.54157566935847,29.439483120271586],[-95.54167517753913,29.439593348403143],[-95.54174353573899,29.43970484298929],[-95.54180296019334,29.439815566087407],[-95.54184053851831,29.439916639181696],[-95.54183860175056,29.440032669283244],[-95.54185512985346,29.440131868515515],[-95.54187987664291,29.440221744022164],[-95.54188893525424,29.440272986418535],[-95.54188415621692,29.440349633654844],[-95.54188027279996,29.440400563061257],[-95.54187480655145,29.440434299544663],[-95.54187370431859,29.440482957071968],[-95.54186899984145,29.440533752636075],[-95.5418644777223,29.440603577915276],[-95.54186507420367,29.44071320479758],[-95.54187989011764,29.44084936908749],[-95.54188585133785,29.4409274662904],[-95.54189848165075,29.44100104872858],[-95.54190271990228,29.441066862008945],[-95.54190061245463,29.441129197887992],[-95.54190678208398,29.441265206723156],[-95.54191627817485,29.44136751285317],[-95.54191576703346,29.441382623876443],[-95.54189753752141,29.44147476852561],[-95.54185620423854,29.441612836704692],[-95.54181489700684,29.441746307100413],[-95.54179039455914,29.441896869838644],[-95.54179057781546,29.44195545641903],[-95.54178829160307,29.442077968680223],[-95.54181199634678,29.44220710608918],[-95.54186206844072,29.44232180131796],[-95.54193122075128,29.44248989292506],[-95.54200913433081,29.44265248392949],[-95.54197220279288,29.44266252704738],[-95.54197114278082,29.442693898680993],[-95.54197704920384,29.44273173832494],[-95.54197556608528,29.442775652477415],[-95.54198165756124,29.442807207915358],[-95.54199432021346,29.44285775511135],[-95.5420284633808,29.442908881179836],[-95.54204846257397,29.442953352248946],[-95.54206152138326,29.442991377199682],[-95.54209524144407,29.443055023020175],[-95.54211484268357,29.443112038870822],[-95.54212074910657,29.44314987835882],[-95.54216901199352,29.44320763576892],[-95.54218922318908,29.44324584524526],[-95.5422286376705,29.443353594123035],[-95.54225624110255,29.443385707154516],[-95.54227690055745,29.44341137410361],[-95.5423112557272,29.44345621575802],[-95.5423110455214,29.443462477206875],[-95.5423799696599,29.443545901354234],[-95.54242147811424,29.443590929916237],[-95.54246995300359,29.44364240529845],[-95.54249040315102,29.443674332053877],[-95.54250409796755,29.44369353018948],[-95.54254602952837,29.443726014700104],[-95.54258714092735,29.44378358716249],[-95.54260041173904,29.443815328471512],[-95.54260695506757,29.443834341178363],[-95.54265479394971,29.443904642164274],[-95.54271021101958,29.443962584546707],[-95.54276544034157,29.444026810214098],[-95.5428430017815,29.44406650650641],[-95.54286366213474,29.44409215059711],[-95.54292816566371,29.444093820775763],[-95.54294476832679,29.44408012218092],[-95.54295030913546,29.444075552070778],[-95.54297287751037,29.444044737069106],[-95.54301671799118,29.44402076471088],[-95.54305298208087,29.444009147768494],[-95.54308185573073,29.44400360683851],[-95.54313899217605,29.44401137493593],[-95.54323112249328,29.44404515872099],[-95.54326693652703,29.444046085729262],[-95.54334537202776,29.444060672222545],[-95.54350957957011,29.444083767629785],[-95.5436018958386,29.444111265731422],[-95.5436303724331,29.444118269528254],[-95.54369423725993,29.444138766172557],[-95.54376485831597,29.44417199292864],[-95.54385044620297,29.444186764022987],[-95.54393582029095,29.44420781607519],[-95.5439857809938,29.444215399537946],[-95.54408612281104,29.444217995938967],[-95.5441647433647,29.44422629753769],[-95.54434500290289,29.44419956532348],[-95.54438841937886,29.44418813458517],[-95.54446052265514,29.444177446233606],[-95.54451090556618,29.44417246151704],[-95.5446114584875,29.444168798078806],[-95.54466880873186,29.44417028207249],[-95.5447050458721,29.444158664364913],[-95.54474109885774,29.444153310409146],[-95.54478432938247,29.444148141072308],[-95.54482838006906,29.44411790420122],[-95.54508423732996,29.444125000307242],[-95.54541461972515,29.44412895084555],[-95.54563930634401,29.444118784271744],[-95.54583671382264,29.444053972730778],[-95.54613532370456,29.443883071393135],[-95.54662193750072,29.44366264075447],[-95.54683997748478,29.443512913773723],[-95.54714874192267,29.443303434408104],[-95.54766169432294,29.443091437974285],[-95.54825031271791,29.442741601507024],[-95.5483416588059,29.44267798912878],[-95.54858360655294,29.442481182825052],[-95.54882560999553,29.442295669407784],[-95.5489585912003,29.442165694268255],[-95.54904845416976,29.442042964633337],[-95.5492221119889,29.441836910283612],[-95.5494867960958,29.441472723579643],[-95.54971673336749,29.441080544582036],[-95.54987000841285,29.44084272023392],[-95.55001586067901,29.440754773673238],[-95.55008977136565,29.44053989613606],[-95.55028168295135,29.440286390594657],[-95.5503657508889,29.44012388576675],[-95.55043836889985,29.440229988056373],[-95.55053494677605,29.439978187974052],[-95.55055484086631,29.439811951777937],[-95.55048004713576,29.43977039503333],[-95.55064495536405,29.439328591493545],[-95.55061766185078,29.439290378978043],[-95.55060495338445,29.439244182847965],[-95.55063701335862,29.43906992115508],[-95.55065804471606,29.438728624786098],[-95.55062614284537,29.438544371099912],[-95.55058399029897,29.438241044931203],[-95.55055440787835,29.43798805937651],[-95.55048458542458,29.43794038482775],[-95.55049648361053,29.43779896326617],[-95.55044890883308,29.437726867288983],[-95.55038342344548,29.43769181636636],[-95.55032890738585,29.437613277784433],[-95.55020016533089,29.437547423148345],[-95.55016128983868,29.437455583174906],[-95.51441964682856,29.438353479797666],[-95.5011092463817,29.438713902184105],[-95.47714864181017,29.43906078283047],[-95.47689849783448,29.43905183148044],[-95.4766218778124,29.439049622979947],[-95.47652822574908,29.43904887507824],[-95.47417459119566,29.439056951790462],[-95.47359434689577,29.439064900200854],[-95.47158227876284,29.439088325320625],[-95.47027319084874,29.439118668521207],[-95.46892709234496,29.439126320426272],[-95.46692357886847,29.439173450703656],[-95.46487024662295,29.439217717658384],[-95.46286755510495,29.439246420290146],[-95.4626035249716,29.439253939190724],[-95.46240589291413,29.44000953305618],[-95.46225758106073,29.44052991617542],[-95.46179309726159,29.442267351747027],[-95.46128202593354,29.444140732836306],[-95.46105239049577,29.44499064094053],[-95.46078793456097,29.445969390585756],[-95.46069366805,29.44631822948812],[-95.45886094766522,29.453100614689994],[-95.45882361278369,29.45323881176341],[-95.45704771712884,29.459809961764744],[-95.45591025684136,29.46401842943868],[-95.45586736677811,29.464175478968972],[-95.455857402665,29.4642119715958],[-95.45512201662059,29.466905416257678],[-95.45466519365421,29.468578604642936],[-95.45464134607835,29.468665951465834],[-95.45343239247066,29.473093434978882],[-95.45307970400866,29.474384969205193],[-95.45227937785404,29.477315728989],[-95.45221483390088,29.477552076614753],[-95.45114702179401,29.481461997365486],[-95.45097760671794,29.4820822910529],[-95.44949487176449,29.487510958585236],[-95.44926690809146,29.48835455582038],[-95.44865128454242,29.49063256527627],[-95.44825514367182,29.492098420649487],[-95.44816725519935,29.49242362788449],[-95.4481071147877,29.49264615675608],[-95.44804396771481,29.492879821084433],[-95.44798881474962,29.49308389907294],[-95.44792470108949,29.49332113257155],[-95.44786601774523,29.493538272155195],[-95.44781336838474,29.493733076239344],[-95.44766167706925,29.494294354580045],[-95.44763403411133,29.49439663771648],[-95.4476283441823,29.494417648070783],[-95.44757670812146,29.494608713785524],[-95.4475654899602,29.494650227733718],[-95.44749628375072,29.494906303536293],[-95.44746147313515,29.495035117222812],[-95.44742203260257,29.49518105103285],[-95.4473839063053,29.49532211893169],[-95.4472069256179,29.495976940254685],[-95.44717389905648,29.496099135496074],[-95.44712312537831,29.496286998575922],[-95.4470779553909,29.496454122692448],[-95.44700466274517,29.496725256054713],[-95.44630818812561,29.499302195940714],[-95.4462287366303,29.499596305929593],[-95.44621538227528,29.499645729440335],[-95.44820265151648,29.500675352672975],[-95.45483399428262,29.50403637337496],[-95.45782915350965,29.50559304146956],[-95.4594230424031,29.506421383653446],[-95.46108334554215,29.507284207284464],[-95.46127829882342,29.507386938561588],[-95.46128009635231,29.50738788609931],[-95.46275950394595,29.508167432211923]]]},"properties":{"OID":16,"uid":"9837fd02-ce95-439e-ba90-10547550acfa","name":"COLEMAN MS","address":"22200 S Post Oak Blvd","city":"Fresno","state":"TX","zip":"77545","lat":29.510200595478917,"lng":-95.48021271619255,"phone":"(281) 634-1007","fax":null,"website":null,"email":null,"enroll_url":"https://www.fortbendisd.com/newstudent","bus_url":null,"fill_color":"#80ff00","zone_searchable":true,"ne_x":-95.44621538227528,"ne_y":29.51720904441248,"sw_x":-95.55065804471606,"sw_y":29.437455583174906,"schools":[{"code":"000","fax":null,"lat":29.510200595478917,"lng":-95.48021271619255,"zip":"77479","city":"Sugar Land","name":"COLEMAN MS","email":null,"phone":"(281) 634-1007","state":"TX","address":"S Post Oak Blvd","website":null,"enroll_url":"https://www.fortbendisd.com/newstudent","bus_url":null,"fill_color":"#80ff00"}]}}]}